date,store_id,item_id,category,predicted_units
2025-01-01,STORE1,MED001,Diabetes,14.4
2025-01-02,STORE1,MED001,Diabetes,14.6
2025-01-03,STORE1,MED001,Diabetes,14.6
2025-01-04,STORE1,MED001,Diabetes,11.0
2025-01-05,STORE1,MED001,Diabetes,11.0
2025-01-06,STORE1,MED001,Diabetes,14.6
2025-01-07,STORE1,MED001,Diabetes,14.7
2025-01-08,STORE1,MED001,Diabetes,14.6
2025-01-09,STORE1,MED001,Diabetes,14.7
2025-01-10,STORE1,MED001,Diabetes,14.6
2025-01-11,STORE1,MED001,Diabetes,11.0
2025-01-12,STORE1,MED001,Diabetes,11.0
2025-01-13,STORE1,MED001,Diabetes,14.7
2025-01-14,STORE1,MED001,Diabetes,14.6
2025-01-15,STORE1,MED001,Diabetes,14.6
2025-01-16,STORE1,MED001,Diabetes,14.7
2025-01-17,STORE1,MED001,Diabetes,14.6
2025-01-18,STORE1,MED001,Diabetes,11.0
2025-01-19,STORE1,MED001,Diabetes,11.0
2025-01-20,STORE1,MED001,Diabetes,14.7
2025-01-21,STORE1,MED001,Diabetes,14.6
2025-01-22,STORE1,MED001,Diabetes,14.6
2025-01-23,STORE1,MED001,Diabetes,14.7
2025-01-24,STORE1,MED001,Diabetes,14.6
2025-01-25,STORE1,MED001,Diabetes,11.0
2025-01-26,STORE1,MED001,Diabetes,11.0
2025-01-27,STORE1,MED001,Diabetes,14.7
2025-01-28,STORE1,MED001,Diabetes,14.6
2025-01-29,STORE1,MED001,Diabetes,14.6
2025-01-30,STORE1,MED001,Diabetes,14.7
2025-01-01,STORE1,MED002,Cardiac,14.5
2025-01-02,STORE1,MED002,Cardiac,14.7
2025-01-03,STORE1,MED002,Cardiac,14.6
2025-01-04,STORE1,MED002,Cardiac,11.1
2025-01-05,STORE1,MED002,Cardiac,11.1
2025-01-06,STORE1,MED002,Cardiac,14.6
2025-01-07,STORE1,MED002,Cardiac,14.6
2025-01-08,STORE1,MED002,Cardiac,14.6
2025-01-09,STORE1,MED002,Cardiac,14.6
2025-01-10,STORE1,MED002,Cardiac,14.6
2025-01-11,STORE1,MED002,Cardiac,11.1
2025-01-12,STORE1,MED002,Cardiac,11.1
2025-01-13,STORE1,MED002,Cardiac,14.6
2025-01-14,STORE1,MED002,Cardiac,14.6
2025-01-15,STORE1,MED002,Cardiac,14.6
2025-01-16,STORE1,MED002,Cardiac,14.6
2025-01-17,STORE1,MED002,Cardiac,14.6
2025-01-18,STORE1,MED002,Cardiac,11.1
2025-01-19,STORE1,MED002,Cardiac,11.1
2025-01-20,STORE1,MED002,Cardiac,14.6
2025-01-21,STORE1,MED002,Cardiac,14.6
2025-01-22,STORE1,MED002,Cardiac,14.6
2025-01-23,STORE1,MED002,Cardiac,14.6
2025-01-24,STORE1,MED002,Cardiac,14.6
2025-01-25,STORE1,MED002,Cardiac,11.1
2025-01-26,STORE1,MED002,Cardiac,11.1
2025-01-27,STORE1,MED002,Cardiac,14.6
2025-01-28,STORE1,MED002,Cardiac,14.6
2025-01-29,STORE1,MED002,Cardiac,14.6
2025-01-30,STORE1,MED002,Cardiac,14.6
2025-01-01,STORE1,MED003,Vitamins,23.2
2025-01-02,STORE1,MED003,Vitamins,22.6
2025-01-03,STORE1,MED003,Vitamins,22.3
2025-01-04,STORE1,MED003,Vitamins,16.6
2025-01-05,STORE1,MED003,Vitamins,17.4
2025-01-06,STORE1,MED003,Vitamins,22.7
2025-01-07,STORE1,MED003,Vitamins,22.5
2025-01-08,STORE1,MED003,Vitamins,23.0
2025-01-09,STORE1,MED003,Vitamins,22.9
2025-01-10,STORE1,MED003,Vitamins,22.9
2025-01-11,STORE1,MED003,Vitamins,17.9
2025-01-12,STORE1,MED003,Vitamins,17.5
2025-01-13,STORE1,MED003,Vitamins,22.8
2025-01-14,STORE1,MED003,Vitamins,23.0
2025-01-15,STORE1,MED003,Vitamins,22.9
2025-01-16,STORE1,MED003,Vitamins,23.0
2025-01-17,STORE1,MED003,Vitamins,22.8
2025-01-18,STORE1,MED003,Vitamins,17.5
2025-01-19,STORE1,MED003,Vitamins,17.6
2025-01-20,STORE1,MED003,Vitamins,22.8
2025-01-21,STORE1,MED003,Vitamins,23.0
2025-01-22,STORE1,MED003,Vitamins,22.9
2025-01-23,STORE1,MED003,Vitamins,22.9
2025-01-24,STORE1,MED003,Vitamins,22.7
2025-01-25,STORE1,MED003,Vitamins,17.8
2025-01-26,STORE1,MED003,Vitamins,17.4
2025-01-27,STORE1,MED003,Vitamins,22.8
2025-01-28,STORE1,MED003,Vitamins,23.0
2025-01-29,STORE1,MED003,Vitamins,22.9
2025-01-30,STORE1,MED003,Vitamins,22.9
2025-01-01,STORE1,MED004,Cardiac,14.8
2025-01-02,STORE1,MED004,Cardiac,14.5
2025-01-03,STORE1,MED004,Cardiac,14.6
2025-01-04,STORE1,MED004,Cardiac,11.0
2025-01-05,STORE1,MED004,Cardiac,11.2
2025-01-06,STORE1,MED004,Cardiac,14.7
2025-01-07,STORE1,MED004,Cardiac,14.7
2025-01-08,STORE1,MED004,Cardiac,14.6
2025-01-09,STORE1,MED004,Cardiac,14.6
2025-01-10,STORE1,MED004,Cardiac,14.6
2025-01-11,STORE1,MED004,Cardiac,11.1
2025-01-12,STORE1,MED004,Cardiac,11.2
2025-01-13,STORE1,MED004,Cardiac,14.6
2025-01-14,STORE1,MED004,Cardiac,14.6
2025-01-15,STORE1,MED004,Cardiac,14.6
2025-01-16,STORE1,MED004,Cardiac,14.6
2025-01-17,STORE1,MED004,Cardiac,14.6
2025-01-18,STORE1,MED004,Cardiac,11.1
2025-01-19,STORE1,MED004,Cardiac,11.2
2025-01-20,STORE1,MED004,Cardiac,14.6
2025-01-21,STORE1,MED004,Cardiac,14.6
2025-01-22,STORE1,MED004,Cardiac,14.6
2025-01-23,STORE1,MED004,Cardiac,14.6
2025-01-24,STORE1,MED004,Cardiac,14.6
2025-01-25,STORE1,MED004,Cardiac,11.1
2025-01-26,STORE1,MED004,Cardiac,11.2
2025-01-27,STORE1,MED004,Cardiac,14.6
2025-01-28,STORE1,MED004,Cardiac,14.6
2025-01-29,STORE1,MED004,Cardiac,14.6
2025-01-30,STORE1,MED004,Cardiac,14.6
2025-01-01,STORE1,MED005,Cardiac,14.6
2025-01-02,STORE1,MED005,Cardiac,14.5
2025-01-03,STORE1,MED005,Cardiac,14.5
2025-01-04,STORE1,MED005,Cardiac,10.9
2025-01-05,STORE1,MED005,Cardiac,11.0
2025-01-06,STORE1,MED005,Cardiac,14.6
2025-01-07,STORE1,MED005,Cardiac,14.5
2025-01-08,STORE1,MED005,Cardiac,14.6
2025-01-09,STORE1,MED005,Cardiac,14.6
2025-01-10,STORE1,MED005,Cardiac,14.6
2025-01-11,STORE1,MED005,Cardiac,11.0
2025-01-12,STORE1,MED005,Cardiac,11.0
2025-01-13,STORE1,MED005,Cardiac,14.7
2025-01-14,STORE1,MED005,Cardiac,14.6
2025-01-15,STORE1,MED005,Cardiac,14.6
2025-01-16,STORE1,MED005,Cardiac,14.6
2025-01-17,STORE1,MED005,Cardiac,14.6
2025-01-18,STORE1,MED005,Cardiac,11.0
2025-01-19,STORE1,MED005,Cardiac,11.0
2025-01-20,STORE1,MED005,Cardiac,14.7
2025-01-21,STORE1,MED005,Cardiac,14.6
2025-01-22,STORE1,MED005,Cardiac,14.6
2025-01-23,STORE1,MED005,Cardiac,14.6
2025-01-24,STORE1,MED005,Cardiac,14.6
2025-01-25,STORE1,MED005,Cardiac,11.0
2025-01-26,STORE1,MED005,Cardiac,11.0
2025-01-27,STORE1,MED005,Cardiac,14.7
2025-01-28,STORE1,MED005,Cardiac,14.6
2025-01-29,STORE1,MED005,Cardiac,14.6
2025-01-30,STORE1,MED005,Cardiac,14.6
2025-01-01,STORE1,MED006,Painkillers,14.4
2025-01-02,STORE1,MED006,Painkillers,14.5
2025-01-03,STORE1,MED006,Painkillers,14.5
2025-01-04,STORE1,MED006,Painkillers,11.1
2025-01-05,STORE1,MED006,Painkillers,11.1
2025-01-06,STORE1,MED006,Painkillers,14.6
2025-01-07,STORE1,MED006,Painkillers,14.5
2025-01-08,STORE1,MED006,Painkillers,14.6
2025-01-09,STORE1,MED006,Painkillers,14.5
2025-01-10,STORE1,MED006,Painkillers,14.6
2025-01-11,STORE1,MED006,Painkillers,11.1
2025-01-12,STORE1,MED006,Painkillers,11.0
2025-01-13,STORE1,MED006,Painkillers,14.6
2025-01-14,STORE1,MED006,Painkillers,14.6
2025-01-15,STORE1,MED006,Painkillers,14.6
2025-01-16,STORE1,MED006,Painkillers,14.5
2025-01-17,STORE1,MED006,Painkillers,14.6
2025-01-18,STORE1,MED006,Painkillers,11.1
2025-01-19,STORE1,MED006,Painkillers,11.0
2025-01-20,STORE1,MED006,Painkillers,14.6
2025-01-21,STORE1,MED006,Painkillers,14.6
2025-01-22,STORE1,MED006,Painkillers,14.6
2025-01-23,STORE1,MED006,Painkillers,14.5
2025-01-24,STORE1,MED006,Painkillers,14.6
2025-01-25,STORE1,MED006,Painkillers,11.1
2025-01-26,STORE1,MED006,Painkillers,11.0
2025-01-27,STORE1,MED006,Painkillers,14.6
2025-01-28,STORE1,MED006,Painkillers,14.6
2025-01-29,STORE1,MED006,Painkillers,14.6
2025-01-30,STORE1,MED006,Painkillers,14.5
2025-01-01,STORE1,MED007,Vitamins,23.4
2025-01-02,STORE1,MED007,Vitamins,22.4
2025-01-03,STORE1,MED007,Vitamins,22.1
2025-01-04,STORE1,MED007,Vitamins,16.4
2025-01-05,STORE1,MED007,Vitamins,16.9
2025-01-06,STORE1,MED007,Vitamins,22.9
2025-01-07,STORE1,MED007,Vitamins,23.1
2025-01-08,STORE1,MED007,Vitamins,22.8
2025-01-09,STORE1,MED007,Vitamins,22.9
2025-01-10,STORE1,MED007,Vitamins,22.8
2025-01-11,STORE1,MED007,Vitamins,16.8
2025-01-12,STORE1,MED007,Vitamins,17.0
2025-01-13,STORE1,MED007,Vitamins,22.8
2025-01-14,STORE1,MED007,Vitamins,23.1
2025-01-15,STORE1,MED007,Vitamins,22.8
2025-01-16,STORE1,MED007,Vitamins,22.7
2025-01-17,STORE1,MED007,Vitamins,22.6
2025-01-18,STORE1,MED007,Vitamins,17.7
2025-01-19,STORE1,MED007,Vitamins,16.5
2025-01-20,STORE1,MED007,Vitamins,23.2
2025-01-21,STORE1,MED007,Vitamins,23.2
2025-01-22,STORE1,MED007,Vitamins,22.8
2025-01-23,STORE1,MED007,Vitamins,22.8
2025-01-24,STORE1,MED007,Vitamins,22.6
2025-01-25,STORE1,MED007,Vitamins,17.0
2025-01-26,STORE1,MED007,Vitamins,16.2
2025-01-27,STORE1,MED007,Vitamins,23.2
2025-01-28,STORE1,MED007,Vitamins,23.1
2025-01-29,STORE1,MED007,Vitamins,22.8
2025-01-30,STORE1,MED007,Vitamins,22.8
2025-01-01,STORE1,MED008,Vitamins,22.7
2025-01-02,STORE1,MED008,Vitamins,23.1
2025-01-03,STORE1,MED008,Vitamins,22.1
2025-01-04,STORE1,MED008,Vitamins,17.1
2025-01-05,STORE1,MED008,Vitamins,16.9
2025-01-06,STORE1,MED008,Vitamins,22.4
2025-01-07,STORE1,MED008,Vitamins,23.3
2025-01-08,STORE1,MED008,Vitamins,22.9
2025-01-09,STORE1,MED008,Vitamins,22.9
2025-01-10,STORE1,MED008,Vitamins,22.9
2025-01-11,STORE1,MED008,Vitamins,17.8
2025-01-12,STORE1,MED008,Vitamins,16.8
2025-01-13,STORE1,MED008,Vitamins,22.9
2025-01-14,STORE1,MED008,Vitamins,23.1
2025-01-15,STORE1,MED008,Vitamins,22.9
2025-01-16,STORE1,MED008,Vitamins,22.9
2025-01-17,STORE1,MED008,Vitamins,22.7
2025-01-18,STORE1,MED008,Vitamins,17.2
2025-01-19,STORE1,MED008,Vitamins,17.3
2025-01-20,STORE1,MED008,Vitamins,22.8
2025-01-21,STORE1,MED008,Vitamins,23.1
2025-01-22,STORE1,MED008,Vitamins,22.9
2025-01-23,STORE1,MED008,Vitamins,22.9
2025-01-24,STORE1,MED008,Vitamins,22.7
2025-01-25,STORE1,MED008,Vitamins,17.4
2025-01-26,STORE1,MED008,Vitamins,16.8
2025-01-27,STORE1,MED008,Vitamins,22.8
2025-01-28,STORE1,MED008,Vitamins,23.1
2025-01-29,STORE1,MED008,Vitamins,22.9
2025-01-30,STORE1,MED008,Vitamins,22.9
2025-01-01,STORE1,MED009,Vitamins,23.3
2025-01-02,STORE1,MED009,Vitamins,20.0
2025-01-03,STORE1,MED009,Vitamins,22.4
2025-01-04,STORE1,MED009,Vitamins,17.0
2025-01-05,STORE1,MED009,Vitamins,17.9
2025-01-06,STORE1,MED009,Vitamins,23.0
2025-01-07,STORE1,MED009,Vitamins,23.3
2025-01-08,STORE1,MED009,Vitamins,22.9
2025-01-09,STORE1,MED009,Vitamins,22.9
2025-01-10,STORE1,MED009,Vitamins,22.9
2025-01-11,STORE1,MED009,Vitamins,17.6
2025-01-12,STORE1,MED009,Vitamins,17.2
2025-01-13,STORE1,MED009,Vitamins,22.8
2025-01-14,STORE1,MED009,Vitamins,23.1
2025-01-15,STORE1,MED009,Vitamins,22.9
2025-01-16,STORE1,MED009,Vitamins,22.9
2025-01-17,STORE1,MED009,Vitamins,22.7
2025-01-18,STORE1,MED009,Vitamins,17.5
2025-01-19,STORE1,MED009,Vitamins,17.4
2025-01-20,STORE1,MED009,Vitamins,22.8
2025-01-21,STORE1,MED009,Vitamins,23.1
2025-01-22,STORE1,MED009,Vitamins,22.9
2025-01-23,STORE1,MED009,Vitamins,22.9
2025-01-24,STORE1,MED009,Vitamins,22.7
2025-01-25,STORE1,MED009,Vitamins,17.5
2025-01-26,STORE1,MED009,Vitamins,17.4
2025-01-27,STORE1,MED009,Vitamins,22.8
2025-01-28,STORE1,MED009,Vitamins,23.1
2025-01-29,STORE1,MED009,Vitamins,22.9
2025-01-30,STORE1,MED009,Vitamins,22.9
2025-01-01,STORE1,MED010,Cardiac,14.7
2025-01-02,STORE1,MED010,Cardiac,14.6
2025-01-03,STORE1,MED010,Cardiac,14.6
2025-01-04,STORE1,MED010,Cardiac,11.1
2025-01-05,STORE1,MED010,Cardiac,11.0
2025-01-06,STORE1,MED010,Cardiac,14.7
2025-01-07,STORE1,MED010,Cardiac,14.6
2025-01-08,STORE1,MED010,Cardiac,14.6
2025-01-09,STORE1,MED010,Cardiac,14.6
2025-01-10,STORE1,MED010,Cardiac,14.6
2025-01-11,STORE1,MED010,Cardiac,11.1
2025-01-12,STORE1,MED010,Cardiac,11.2
2025-01-13,STORE1,MED010,Cardiac,14.7
2025-01-14,STORE1,MED010,Cardiac,14.6
2025-01-15,STORE1,MED010,Cardiac,14.6
2025-01-16,STORE1,MED010,Cardiac,14.6
2025-01-17,STORE1,MED010,Cardiac,14.6
2025-01-18,STORE1,MED010,Cardiac,11.1
2025-01-19,STORE1,MED010,Cardiac,11.2
2025-01-20,STORE1,MED010,Cardiac,14.7
2025-01-21,STORE1,MED010,Cardiac,14.6
2025-01-22,STORE1,MED010,Cardiac,14.6
2025-01-23,STORE1,MED010,Cardiac,14.6
2025-01-24,STORE1,MED010,Cardiac,14.6
2025-01-25,STORE1,MED010,Cardiac,11.1
2025-01-26,STORE1,MED010,Cardiac,11.2
2025-01-27,STORE1,MED010,Cardiac,14.7
2025-01-28,STORE1,MED010,Cardiac,14.6
2025-01-29,STORE1,MED010,Cardiac,14.6
2025-01-30,STORE1,MED010,Cardiac,14.6
2025-01-01,STORE1,MED011,Diabetes,14.2
2025-01-02,STORE1,MED011,Diabetes,14.4
2025-01-03,STORE1,MED011,Diabetes,14.4
2025-01-04,STORE1,MED011,Diabetes,11.0
2025-01-05,STORE1,MED011,Diabetes,11.1
2025-01-06,STORE1,MED011,Diabetes,14.5
2025-01-07,STORE1,MED011,Diabetes,14.7
2025-01-08,STORE1,MED011,Diabetes,14.5
2025-01-09,STORE1,MED011,Diabetes,14.5
2025-01-10,STORE1,MED011,Diabetes,14.5
2025-01-11,STORE1,MED011,Diabetes,11.1
2025-01-12,STORE1,MED011,Diabetes,11.1
2025-01-13,STORE1,MED011,Diabetes,14.6
2025-01-14,STORE1,MED011,Diabetes,14.5
2025-01-15,STORE1,MED011,Diabetes,14.5
2025-01-16,STORE1,MED011,Diabetes,14.5
2025-01-17,STORE1,MED011,Diabetes,14.5
2025-01-18,STORE1,MED011,Diabetes,11.1
2025-01-19,STORE1,MED011,Diabetes,11.1
2025-01-20,STORE1,MED011,Diabetes,14.5
2025-01-21,STORE1,MED011,Diabetes,14.5
2025-01-22,STORE1,MED011,Diabetes,14.5
2025-01-23,STORE1,MED011,Diabetes,14.5
2025-01-24,STORE1,MED011,Diabetes,14.5
2025-01-25,STORE1,MED011,Diabetes,11.1
2025-01-26,STORE1,MED011,Diabetes,11.1
2025-01-27,STORE1,MED011,Diabetes,14.5
2025-01-28,STORE1,MED011,Diabetes,14.5
2025-01-29,STORE1,MED011,Diabetes,14.5
2025-01-30,STORE1,MED011,Diabetes,14.5
2025-01-01,STORE1,MED012,Vitamins,21.7
2025-01-02,STORE1,MED012,Vitamins,16.5
2025-01-03,STORE1,MED012,Vitamins,15.7
2025-01-04,STORE1,MED012,Vitamins,11.5
2025-01-05,STORE1,MED012,Vitamins,11.0
2025-01-06,STORE1,MED012,Vitamins,15.6
2025-01-07,STORE1,MED012,Vitamins,15.6
2025-01-08,STORE1,MED012,Vitamins,15.4
2025-01-09,STORE1,MED012,Vitamins,15.6
2025-01-10,STORE1,MED012,Vitamins,15.5
2025-01-11,STORE1,MED012,Vitamins,11.1
2025-01-12,STORE1,MED012,Vitamins,11.1
2025-01-13,STORE1,MED012,Vitamins,15.5
2025-01-14,STORE1,MED012,Vitamins,15.6
2025-01-15,STORE1,MED012,Vitamins,15.5
2025-01-16,STORE1,MED012,Vitamins,15.6
2025-01-17,STORE1,MED012,Vitamins,15.5
2025-01-18,STORE1,MED012,Vitamins,11.1
2025-01-19,STORE1,MED012,Vitamins,11.1
2025-01-20,STORE1,MED012,Vitamins,15.5
2025-01-21,STORE1,MED012,Vitamins,15.6
2025-01-22,STORE1,MED012,Vitamins,15.4
2025-01-23,STORE1,MED012,Vitamins,15.6
2025-01-24,STORE1,MED012,Vitamins,15.5
2025-01-25,STORE1,MED012,Vitamins,11.1
2025-01-26,STORE1,MED012,Vitamins,11.1
2025-01-27,STORE1,MED012,Vitamins,15.5
2025-01-28,STORE1,MED012,Vitamins,15.6
2025-01-29,STORE1,MED012,Vitamins,15.5
2025-01-30,STORE1,MED012,Vitamins,15.6
2025-01-01,STORE1,MED013,Antacids,14.5
2025-01-02,STORE1,MED013,Antacids,14.5
2025-01-03,STORE1,MED013,Antacids,14.6
2025-01-04,STORE1,MED013,Antacids,11.0
2025-01-05,STORE1,MED013,Antacids,11.1
2025-01-06,STORE1,MED013,Antacids,14.6
2025-01-07,STORE1,MED013,Antacids,14.8
2025-01-08,STORE1,MED013,Antacids,14.6
2025-01-09,STORE1,MED013,Antacids,14.6
2025-01-10,STORE1,MED013,Antacids,14.6
2025-01-11,STORE1,MED013,Antacids,11.2
2025-01-12,STORE1,MED013,Antacids,11.2
2025-01-13,STORE1,MED013,Antacids,14.7
2025-01-14,STORE1,MED013,Antacids,14.6
2025-01-15,STORE1,MED013,Antacids,14.6
2025-01-16,STORE1,MED013,Antacids,14.6
2025-01-17,STORE1,MED013,Antacids,14.6
2025-01-18,STORE1,MED013,Antacids,11.2
2025-01-19,STORE1,MED013,Antacids,11.2
2025-01-20,STORE1,MED013,Antacids,14.7
2025-01-21,STORE1,MED013,Antacids,14.6
2025-01-22,STORE1,MED013,Antacids,14.6
2025-01-23,STORE1,MED013,Antacids,14.6
2025-01-24,STORE1,MED013,Antacids,14.6
2025-01-25,STORE1,MED013,Antacids,11.2
2025-01-26,STORE1,MED013,Antacids,11.2
2025-01-27,STORE1,MED013,Antacids,14.7
2025-01-28,STORE1,MED013,Antacids,14.6
2025-01-29,STORE1,MED013,Antacids,14.6
2025-01-30,STORE1,MED013,Antacids,14.6
2025-01-01,STORE1,MED014,Cardiac,14.5
2025-01-02,STORE1,MED014,Cardiac,14.6
2025-01-03,STORE1,MED014,Cardiac,14.5
2025-01-04,STORE1,MED014,Cardiac,11.1
2025-01-05,STORE1,MED014,Cardiac,11.2
2025-01-06,STORE1,MED014,Cardiac,14.5
2025-01-07,STORE1,MED014,Cardiac,14.7
2025-01-08,STORE1,MED014,Cardiac,14.5
2025-01-09,STORE1,MED014,Cardiac,14.5
2025-01-10,STORE1,MED014,Cardiac,14.5
2025-01-11,STORE1,MED014,Cardiac,11.1
2025-01-12,STORE1,MED014,Cardiac,11.1
2025-01-13,STORE1,MED014,Cardiac,14.6
2025-01-14,STORE1,MED014,Cardiac,14.5
2025-01-15,STORE1,MED014,Cardiac,14.5
2025-01-16,STORE1,MED014,Cardiac,14.5
2025-01-17,STORE1,MED014,Cardiac,14.5
2025-01-18,STORE1,MED014,Cardiac,11.1
2025-01-19,STORE1,MED014,Cardiac,11.1
2025-01-20,STORE1,MED014,Cardiac,14.6
2025-01-21,STORE1,MED014,Cardiac,14.5
2025-01-22,STORE1,MED014,Cardiac,14.5
2025-01-23,STORE1,MED014,Cardiac,14.5
2025-01-24,STORE1,MED014,Cardiac,14.5
2025-01-25,STORE1,MED014,Cardiac,11.1
2025-01-26,STORE1,MED014,Cardiac,11.1
2025-01-27,STORE1,MED014,Cardiac,14.6
2025-01-28,STORE1,MED014,Cardiac,14.5
2025-01-29,STORE1,MED014,Cardiac,14.5
2025-01-30,STORE1,MED014,Cardiac,14.5
2025-01-01,STORE1,MED015,Painkillers,14.6
2025-01-02,STORE1,MED015,Painkillers,14.8
2025-01-03,STORE1,MED015,Painkillers,14.7
2025-01-04,STORE1,MED015,Painkillers,11.3
2025-01-05,STORE1,MED015,Painkillers,11.7
2025-01-06,STORE1,MED015,Painkillers,14.6
2025-01-07,STORE1,MED015,Painkillers,14.6
2025-01-08,STORE1,MED015,Painkillers,14.7
2025-01-09,STORE1,MED015,Painkillers,14.8
2025-01-10,STORE1,MED015,Painkillers,14.7
2025-01-11,STORE1,MED015,Painkillers,11.1
2025-01-12,STORE1,MED015,Painkillers,11.3
2025-01-13,STORE1,MED015,Painkillers,14.7
2025-01-14,STORE1,MED015,Painkillers,14.7
2025-01-15,STORE1,MED015,Painkillers,14.7
2025-01-16,STORE1,MED015,Painkillers,14.8
2025-01-17,STORE1,MED015,Painkillers,14.7
2025-01-18,STORE1,MED015,Painkillers,11.1
2025-01-19,STORE1,MED015,Painkillers,11.4
2025-01-20,STORE1,MED015,Painkillers,14.7
2025-01-21,STORE1,MED015,Painkillers,14.7
2025-01-22,STORE1,MED015,Painkillers,14.7
2025-01-23,STORE1,MED015,Painkillers,14.8
2025-01-24,STORE1,MED015,Painkillers,14.7
2025-01-25,STORE1,MED015,Painkillers,11.1
2025-01-26,STORE1,MED015,Painkillers,11.4
2025-01-27,STORE1,MED015,Painkillers,14.7
2025-01-28,STORE1,MED015,Painkillers,14.7
2025-01-29,STORE1,MED015,Painkillers,14.7
2025-01-30,STORE1,MED015,Painkillers,14.8
2025-01-01,STORE1,MED016,Diabetes,14.6
2025-01-02,STORE1,MED016,Diabetes,14.5
2025-01-03,STORE1,MED016,Diabetes,14.5
2025-01-04,STORE1,MED016,Diabetes,11.1
2025-01-05,STORE1,MED016,Diabetes,11.1
2025-01-06,STORE1,MED016,Diabetes,14.5
2025-01-07,STORE1,MED016,Diabetes,14.5
2025-01-08,STORE1,MED016,Diabetes,14.5
2025-01-09,STORE1,MED016,Diabetes,14.5
2025-01-10,STORE1,MED016,Diabetes,14.5
2025-01-11,STORE1,MED016,Diabetes,11.2
2025-01-12,STORE1,MED016,Diabetes,11.1
2025-01-13,STORE1,MED016,Diabetes,14.5
2025-01-14,STORE1,MED016,Diabetes,14.5
2025-01-15,STORE1,MED016,Diabetes,14.5
2025-01-16,STORE1,MED016,Diabetes,14.5
2025-01-17,STORE1,MED016,Diabetes,14.5
2025-01-18,STORE1,MED016,Diabetes,11.2
2025-01-19,STORE1,MED016,Diabetes,11.1
2025-01-20,STORE1,MED016,Diabetes,14.5
2025-01-21,STORE1,MED016,Diabetes,14.5
2025-01-22,STORE1,MED016,Diabetes,14.5
2025-01-23,STORE1,MED016,Diabetes,14.5
2025-01-24,STORE1,MED016,Diabetes,14.5
2025-01-25,STORE1,MED016,Diabetes,11.2
2025-01-26,STORE1,MED016,Diabetes,11.1
2025-01-27,STORE1,MED016,Diabetes,14.5
2025-01-28,STORE1,MED016,Diabetes,14.5
2025-01-29,STORE1,MED016,Diabetes,14.5
2025-01-30,STORE1,MED016,Diabetes,14.5
2025-01-01,STORE1,MED017,Antacids,14.5
2025-01-02,STORE1,MED017,Antacids,14.7
2025-01-03,STORE1,MED017,Antacids,14.6
2025-01-04,STORE1,MED017,Antacids,11.0
2025-01-05,STORE1,MED017,Antacids,11.1
2025-01-06,STORE1,MED017,Antacids,14.7
2025-01-07,STORE1,MED017,Antacids,14.7
2025-01-08,STORE1,MED017,Antacids,14.6
2025-01-09,STORE1,MED017,Antacids,14.7
2025-01-10,STORE1,MED017,Antacids,14.6
2025-01-11,STORE1,MED017,Antacids,11.1
2025-01-12,STORE1,MED017,Antacids,11.1
2025-01-13,STORE1,MED017,Antacids,14.7
2025-01-14,STORE1,MED017,Antacids,14.7
2025-01-15,STORE1,MED017,Antacids,14.6
2025-01-16,STORE1,MED017,Antacids,14.7
2025-01-17,STORE1,MED017,Antacids,14.6
2025-01-18,STORE1,MED017,Antacids,11.1
2025-01-19,STORE1,MED017,Antacids,11.1
2025-01-20,STORE1,MED017,Antacids,14.7
2025-01-21,STORE1,MED017,Antacids,14.7
2025-01-22,STORE1,MED017,Antacids,14.6
2025-01-23,STORE1,MED017,Antacids,14.7
2025-01-24,STORE1,MED017,Antacids,14.6
2025-01-25,STORE1,MED017,Antacids,11.1
2025-01-26,STORE1,MED017,Antacids,11.1
2025-01-27,STORE1,MED017,Antacids,14.7
2025-01-28,STORE1,MED017,Antacids,14.7
2025-01-29,STORE1,MED017,Antacids,14.6
2025-01-30,STORE1,MED017,Antacids,14.7
2025-01-01,STORE1,MED018,Antacids,14.6
2025-01-02,STORE1,MED018,Antacids,14.7
2025-01-03,STORE1,MED018,Antacids,14.7
2025-01-04,STORE1,MED018,Antacids,11.1
2025-01-05,STORE1,MED018,Antacids,11.2
2025-01-06,STORE1,MED018,Antacids,14.7
2025-01-07,STORE1,MED018,Antacids,14.6
2025-01-08,STORE1,MED018,Antacids,14.7
2025-01-09,STORE1,MED018,Antacids,14.7
2025-01-10,STORE1,MED018,Antacids,14.7
2025-01-11,STORE1,MED018,Antacids,11.1
2025-01-12,STORE1,MED018,Antacids,11.2
2025-01-13,STORE1,MED018,Antacids,14.7
2025-01-14,STORE1,MED018,Antacids,14.7
2025-01-15,STORE1,MED018,Antacids,14.7
2025-01-16,STORE1,MED018,Antacids,14.7
2025-01-17,STORE1,MED018,Antacids,14.7
2025-01-18,STORE1,MED018,Antacids,11.1
2025-01-19,STORE1,MED018,Antacids,11.2
2025-01-20,STORE1,MED018,Antacids,14.7
2025-01-21,STORE1,MED018,Antacids,14.7
2025-01-22,STORE1,MED018,Antacids,14.7
2025-01-23,STORE1,MED018,Antacids,14.7
2025-01-24,STORE1,MED018,Antacids,14.7
2025-01-25,STORE1,MED018,Antacids,11.1
2025-01-26,STORE1,MED018,Antacids,11.2
2025-01-27,STORE1,MED018,Antacids,14.7
2025-01-28,STORE1,MED018,Antacids,14.7
2025-01-29,STORE1,MED018,Antacids,14.7
2025-01-30,STORE1,MED018,Antacids,14.7
2025-01-01,STORE1,MED019,Painkillers,14.5
2025-01-02,STORE1,MED019,Painkillers,14.5
2025-01-03,STORE1,MED019,Painkillers,14.5
2025-01-04,STORE1,MED019,Painkillers,11.2
2025-01-05,STORE1,MED019,Painkillers,11.1
2025-01-06,STORE1,MED019,Painkillers,14.7
2025-01-07,STORE1,MED019,Painkillers,14.5
2025-01-08,STORE1,MED019,Painkillers,14.6
2025-01-09,STORE1,MED019,Painkillers,14.5
2025-01-10,STORE1,MED019,Painkillers,14.6
2025-01-11,STORE1,MED019,Painkillers,11.2
2025-01-12,STORE1,MED019,Painkillers,11.0
2025-01-13,STORE1,MED019,Painkillers,14.6
2025-01-14,STORE1,MED019,Painkillers,14.6
2025-01-15,STORE1,MED019,Painkillers,14.6
2025-01-16,STORE1,MED019,Painkillers,14.5
2025-01-17,STORE1,MED019,Painkillers,14.6
2025-01-18,STORE1,MED019,Painkillers,11.2
2025-01-19,STORE1,MED019,Painkillers,11.0
2025-01-20,STORE1,MED019,Painkillers,14.6
2025-01-21,STORE1,MED019,Painkillers,14.6
2025-01-22,STORE1,MED019,Painkillers,14.6
2025-01-23,STORE1,MED019,Painkillers,14.5
2025-01-24,STORE1,MED019,Painkillers,14.6
2025-01-25,STORE1,MED019,Painkillers,11.2
2025-01-26,STORE1,MED019,Painkillers,11.0
2025-01-27,STORE1,MED019,Painkillers,14.6
2025-01-28,STORE1,MED019,Painkillers,14.6
2025-01-29,STORE1,MED019,Painkillers,14.6
2025-01-30,STORE1,MED019,Painkillers,14.5
2025-01-01,STORE1,MED020,Diabetes,14.6
2025-01-02,STORE1,MED020,Diabetes,14.5
2025-01-03,STORE1,MED020,Diabetes,14.6
2025-01-04,STORE1,MED020,Diabetes,11.0
2025-01-05,STORE1,MED020,Diabetes,11.1
2025-01-06,STORE1,MED020,Diabetes,14.7
2025-01-07,STORE1,MED020,Diabetes,14.6
2025-01-08,STORE1,MED020,Diabetes,14.6
2025-01-09,STORE1,MED020,Diabetes,14.6
2025-01-10,STORE1,MED020,Diabetes,14.6
2025-01-11,STORE1,MED020,Diabetes,11.2
2025-01-12,STORE1,MED020,Diabetes,11.2
2025-01-13,STORE1,MED020,Diabetes,14.6
2025-01-14,STORE1,MED020,Diabetes,14.6
2025-01-15,STORE1,MED020,Diabetes,14.6
2025-01-16,STORE1,MED020,Diabetes,14.6
2025-01-17,STORE1,MED020,Diabetes,14.6
2025-01-18,STORE1,MED020,Diabetes,11.2
2025-01-19,STORE1,MED020,Diabetes,11.1
2025-01-20,STORE1,MED020,Diabetes,14.6
2025-01-21,STORE1,MED020,Diabetes,14.6
2025-01-22,STORE1,MED020,Diabetes,14.6
2025-01-23,STORE1,MED020,Diabetes,14.6
2025-01-24,STORE1,MED020,Diabetes,14.6
2025-01-25,STORE1,MED020,Diabetes,11.2
2025-01-26,STORE1,MED020,Diabetes,11.1
2025-01-27,STORE1,MED020,Diabetes,14.6
2025-01-28,STORE1,MED020,Diabetes,14.6
2025-01-29,STORE1,MED020,Diabetes,14.6
2025-01-30,STORE1,MED020,Diabetes,14.6
2025-01-01,STORE2,MED001,Diabetes,14.5
2025-01-02,STORE2,MED001,Diabetes,14.7
2025-01-03,STORE2,MED001,Diabetes,14.6
2025-01-04,STORE2,MED001,Diabetes,11.1
2025-01-05,STORE2,MED001,Diabetes,11.5
2025-01-06,STORE2,MED001,Diabetes,14.6
2025-01-07,STORE2,MED001,Diabetes,14.5
2025-01-08,STORE2,MED001,Diabetes,14.6
2025-01-09,STORE2,MED001,Diabetes,14.7
2025-01-10,STORE2,MED001,Diabetes,14.6
2025-01-11,STORE2,MED001,Diabetes,11.0
2025-01-12,STORE2,MED001,Diabetes,11.1
2025-01-13,STORE2,MED001,Diabetes,14.7
2025-01-14,STORE2,MED001,Diabetes,14.6
2025-01-15,STORE2,MED001,Diabetes,14.6
2025-01-16,STORE2,MED001,Diabetes,14.7
2025-01-17,STORE2,MED001,Diabetes,14.6
2025-01-18,STORE2,MED001,Diabetes,11.0
2025-01-19,STORE2,MED001,Diabetes,11.1
2025-01-20,STORE2,MED001,Diabetes,14.7
2025-01-21,STORE2,MED001,Diabetes,14.6
2025-01-22,STORE2,MED001,Diabetes,14.6
2025-01-23,STORE2,MED001,Diabetes,14.7
2025-01-24,STORE2,MED001,Diabetes,14.6
2025-01-25,STORE2,MED001,Diabetes,11.0
2025-01-26,STORE2,MED001,Diabetes,11.1
2025-01-27,STORE2,MED001,Diabetes,14.7
2025-01-28,STORE2,MED001,Diabetes,14.6
2025-01-29,STORE2,MED001,Diabetes,14.6
2025-01-30,STORE2,MED001,Diabetes,14.7
2025-01-01,STORE2,MED002,Cardiac,14.6
2025-01-02,STORE2,MED002,Cardiac,14.6
2025-01-03,STORE2,MED002,Cardiac,14.6
2025-01-04,STORE2,MED002,Cardiac,11.1
2025-01-05,STORE2,MED002,Cardiac,11.1
2025-01-06,STORE2,MED002,Cardiac,14.6
2025-01-07,STORE2,MED002,Cardiac,14.5
2025-01-08,STORE2,MED002,Cardiac,14.6
2025-01-09,STORE2,MED002,Cardiac,14.6
2025-01-10,STORE2,MED002,Cardiac,14.6
2025-01-11,STORE2,MED002,Cardiac,11.1
2025-01-12,STORE2,MED002,Cardiac,11.1
2025-01-13,STORE2,MED002,Cardiac,14.6
2025-01-14,STORE2,MED002,Cardiac,14.6
2025-01-15,STORE2,MED002,Cardiac,14.6
2025-01-16,STORE2,MED002,Cardiac,14.6
2025-01-17,STORE2,MED002,Cardiac,14.6
2025-01-18,STORE2,MED002,Cardiac,11.1
2025-01-19,STORE2,MED002,Cardiac,11.1
2025-01-20,STORE2,MED002,Cardiac,14.6
2025-01-21,STORE2,MED002,Cardiac,14.6
2025-01-22,STORE2,MED002,Cardiac,14.6
2025-01-23,STORE2,MED002,Cardiac,14.6
2025-01-24,STORE2,MED002,Cardiac,14.6
2025-01-25,STORE2,MED002,Cardiac,11.1
2025-01-26,STORE2,MED002,Cardiac,11.1
2025-01-27,STORE2,MED002,Cardiac,14.6
2025-01-28,STORE2,MED002,Cardiac,14.6
2025-01-29,STORE2,MED002,Cardiac,14.6
2025-01-30,STORE2,MED002,Cardiac,14.6
2025-01-01,STORE2,MED003,Vitamins,23.0
2025-01-02,STORE2,MED003,Vitamins,22.6
2025-01-03,STORE2,MED003,Vitamins,22.3
2025-01-04,STORE2,MED003,Vitamins,17.1
2025-01-05,STORE2,MED003,Vitamins,17.5
2025-01-06,STORE2,MED003,Vitamins,22.4
2025-01-07,STORE2,MED003,Vitamins,23.0
2025-01-08,STORE2,MED003,Vitamins,22.9
2025-01-09,STORE2,MED003,Vitamins,22.9
2025-01-10,STORE2,MED003,Vitamins,22.9
2025-01-11,STORE2,MED003,Vitamins,17.8
2025-01-12,STORE2,MED003,Vitamins,17.4
2025-01-13,STORE2,MED003,Vitamins,22.9
2025-01-14,STORE2,MED003,Vitamins,23.0
2025-01-15,STORE2,MED003,Vitamins,22.9
2025-01-16,STORE2,MED003,Vitamins,22.9
2025-01-17,STORE2,MED003,Vitamins,22.7
2025-01-18,STORE2,MED003,Vitamins,17.5
2025-01-19,STORE2,MED003,Vitamins,17.5
2025-01-20,STORE2,MED003,Vitamins,22.8
2025-01-21,STORE2,MED003,Vitamins,23.0
2025-01-22,STORE2,MED003,Vitamins,22.9
2025-01-23,STORE2,MED003,Vitamins,22.9
2025-01-24,STORE2,MED003,Vitamins,22.7
2025-01-25,STORE2,MED003,Vitamins,17.5
2025-01-26,STORE2,MED003,Vitamins,17.5
2025-01-27,STORE2,MED003,Vitamins,22.8
2025-01-28,STORE2,MED003,Vitamins,23.0
2025-01-29,STORE2,MED003,Vitamins,22.9
2025-01-30,STORE2,MED003,Vitamins,22.9
2025-01-01,STORE2,MED004,Cardiac,14.4
2025-01-02,STORE2,MED004,Cardiac,14.6
2025-01-03,STORE2,MED004,Cardiac,14.6
2025-01-04,STORE2,MED004,Cardiac,11.1
2025-01-05,STORE2,MED004,Cardiac,11.1
2025-01-06,STORE2,MED004,Cardiac,14.6
2025-01-07,STORE2,MED004,Cardiac,14.5
2025-01-08,STORE2,MED004,Cardiac,14.6
2025-01-09,STORE2,MED004,Cardiac,14.6
2025-01-10,STORE2,MED004,Cardiac,14.6
2025-01-11,STORE2,MED004,Cardiac,11.1
2025-01-12,STORE2,MED004,Cardiac,11.1
2025-01-13,STORE2,MED004,Cardiac,14.6
2025-01-14,STORE2,MED004,Cardiac,14.6
2025-01-15,STORE2,MED004,Cardiac,14.6
2025-01-16,STORE2,MED004,Cardiac,14.6
2025-01-17,STORE2,MED004,Cardiac,14.6
2025-01-18,STORE2,MED004,Cardiac,11.1
2025-01-19,STORE2,MED004,Cardiac,11.1
2025-01-20,STORE2,MED004,Cardiac,14.6
2025-01-21,STORE2,MED004,Cardiac,14.6
2025-01-22,STORE2,MED004,Cardiac,14.6
2025-01-23,STORE2,MED004,Cardiac,14.6
2025-01-24,STORE2,MED004,Cardiac,14.6
2025-01-25,STORE2,MED004,Cardiac,11.1
2025-01-26,STORE2,MED004,Cardiac,11.1
2025-01-27,STORE2,MED004,Cardiac,14.6
2025-01-28,STORE2,MED004,Cardiac,14.6
2025-01-29,STORE2,MED004,Cardiac,14.6
2025-01-30,STORE2,MED004,Cardiac,14.6
2025-01-01,STORE2,MED005,Cardiac,14.4
2025-01-02,STORE2,MED005,Cardiac,14.7
2025-01-03,STORE2,MED005,Cardiac,14.5
2025-01-04,STORE2,MED005,Cardiac,10.9
2025-01-05,STORE2,MED005,Cardiac,11.1
2025-01-06,STORE2,MED005,Cardiac,14.6
2025-01-07,STORE2,MED005,Cardiac,14.5
2025-01-08,STORE2,MED005,Cardiac,14.6
2025-01-09,STORE2,MED005,Cardiac,14.6
2025-01-10,STORE2,MED005,Cardiac,14.6
2025-01-11,STORE2,MED005,Cardiac,11.0
2025-01-12,STORE2,MED005,Cardiac,11.0
2025-01-13,STORE2,MED005,Cardiac,14.7
2025-01-14,STORE2,MED005,Cardiac,14.6
2025-01-15,STORE2,MED005,Cardiac,14.6
2025-01-16,STORE2,MED005,Cardiac,14.6
2025-01-17,STORE2,MED005,Cardiac,14.6
2025-01-18,STORE2,MED005,Cardiac,11.0
2025-01-19,STORE2,MED005,Cardiac,11.0
2025-01-20,STORE2,MED005,Cardiac,14.7
2025-01-21,STORE2,MED005,Cardiac,14.6
2025-01-22,STORE2,MED005,Cardiac,14.6
2025-01-23,STORE2,MED005,Cardiac,14.6
2025-01-24,STORE2,MED005,Cardiac,14.6
2025-01-25,STORE2,MED005,Cardiac,11.0
2025-01-26,STORE2,MED005,Cardiac,11.0
2025-01-27,STORE2,MED005,Cardiac,14.7
2025-01-28,STORE2,MED005,Cardiac,14.6
2025-01-29,STORE2,MED005,Cardiac,14.6
2025-01-30,STORE2,MED005,Cardiac,14.6
2025-01-01,STORE2,MED006,Painkillers,14.6
2025-01-02,STORE2,MED006,Painkillers,14.5
2025-01-03,STORE2,MED006,Painkillers,14.6
2025-01-04,STORE2,MED006,Painkillers,11.0
2025-01-05,STORE2,MED006,Painkillers,11.1
2025-01-06,STORE2,MED006,Painkillers,14.5
2025-01-07,STORE2,MED006,Painkillers,14.5
2025-01-08,STORE2,MED006,Painkillers,14.6
2025-01-09,STORE2,MED006,Painkillers,14.5
2025-01-10,STORE2,MED006,Painkillers,14.6
2025-01-11,STORE2,MED006,Painkillers,11.1
2025-01-12,STORE2,MED006,Painkillers,11.0
2025-01-13,STORE2,MED006,Painkillers,14.6
2025-01-14,STORE2,MED006,Painkillers,14.6
2025-01-15,STORE2,MED006,Painkillers,14.6
2025-01-16,STORE2,MED006,Painkillers,14.5
2025-01-17,STORE2,MED006,Painkillers,14.6
2025-01-18,STORE2,MED006,Painkillers,11.1
2025-01-19,STORE2,MED006,Painkillers,11.0
2025-01-20,STORE2,MED006,Painkillers,14.6
2025-01-21,STORE2,MED006,Painkillers,14.6
2025-01-22,STORE2,MED006,Painkillers,14.6
2025-01-23,STORE2,MED006,Painkillers,14.5
2025-01-24,STORE2,MED006,Painkillers,14.6
2025-01-25,STORE2,MED006,Painkillers,11.1
2025-01-26,STORE2,MED006,Painkillers,11.0
2025-01-27,STORE2,MED006,Painkillers,14.6
2025-01-28,STORE2,MED006,Painkillers,14.6
2025-01-29,STORE2,MED006,Painkillers,14.6
2025-01-30,STORE2,MED006,Painkillers,14.5
2025-01-01,STORE2,MED007,Vitamins,22.0
2025-01-02,STORE2,MED007,Vitamins,22.9
2025-01-03,STORE2,MED007,Vitamins,24.2
2025-01-04,STORE2,MED007,Vitamins,17.4
2025-01-05,STORE2,MED007,Vitamins,16.6
2025-01-06,STORE2,MED007,Vitamins,22.6
2025-01-07,STORE2,MED007,Vitamins,23.5
2025-01-08,STORE2,MED007,Vitamins,22.7
2025-01-09,STORE2,MED007,Vitamins,22.8
2025-01-10,STORE2,MED007,Vitamins,22.6
2025-01-11,STORE2,MED007,Vitamins,17.6
2025-01-12,STORE2,MED007,Vitamins,17.0
2025-01-13,STORE2,MED007,Vitamins,22.9
2025-01-14,STORE2,MED007,Vitamins,23.1
2025-01-15,STORE2,MED007,Vitamins,22.8
2025-01-16,STORE2,MED007,Vitamins,22.8
2025-01-17,STORE2,MED007,Vitamins,22.6
2025-01-18,STORE2,MED007,Vitamins,17.0
2025-01-19,STORE2,MED007,Vitamins,17.0
2025-01-20,STORE2,MED007,Vitamins,22.8
2025-01-21,STORE2,MED007,Vitamins,23.1
2025-01-22,STORE2,MED007,Vitamins,22.8
2025-01-23,STORE2,MED007,Vitamins,22.8
2025-01-24,STORE2,MED007,Vitamins,22.6
2025-01-25,STORE2,MED007,Vitamins,17.7
2025-01-26,STORE2,MED007,Vitamins,16.5
2025-01-27,STORE2,MED007,Vitamins,23.2
2025-01-28,STORE2,MED007,Vitamins,23.2
2025-01-29,STORE2,MED007,Vitamins,22.8
2025-01-30,STORE2,MED007,Vitamins,22.8
2025-01-01,STORE2,MED008,Vitamins,22.7
2025-01-02,STORE2,MED008,Vitamins,22.6
2025-01-03,STORE2,MED008,Vitamins,22.3
2025-01-04,STORE2,MED008,Vitamins,18.2
2025-01-05,STORE2,MED008,Vitamins,17.8
2025-01-06,STORE2,MED008,Vitamins,22.7
2025-01-07,STORE2,MED008,Vitamins,23.1
2025-01-08,STORE2,MED008,Vitamins,22.9
2025-01-09,STORE2,MED008,Vitamins,22.9
2025-01-10,STORE2,MED008,Vitamins,23.0
2025-01-11,STORE2,MED008,Vitamins,17.0
2025-01-12,STORE2,MED008,Vitamins,16.9
2025-01-13,STORE2,MED008,Vitamins,22.8
2025-01-14,STORE2,MED008,Vitamins,23.1
2025-01-15,STORE2,MED008,Vitamins,22.9
2025-01-16,STORE2,MED008,Vitamins,22.9
2025-01-17,STORE2,MED008,Vitamins,22.7
2025-01-18,STORE2,MED008,Vitamins,17.8
2025-01-19,STORE2,MED008,Vitamins,16.8
2025-01-20,STORE2,MED008,Vitamins,22.8
2025-01-21,STORE2,MED008,Vitamins,23.1
2025-01-22,STORE2,MED008,Vitamins,22.9
2025-01-23,STORE2,MED008,Vitamins,22.9
2025-01-24,STORE2,MED008,Vitamins,22.7
2025-01-25,STORE2,MED008,Vitamins,17.2
2025-01-26,STORE2,MED008,Vitamins,17.3
2025-01-27,STORE2,MED008,Vitamins,22.8
2025-01-28,STORE2,MED008,Vitamins,23.1
2025-01-29,STORE2,MED008,Vitamins,22.9
2025-01-30,STORE2,MED008,Vitamins,22.9
2025-01-01,STORE2,MED009,Vitamins,23.7
2025-01-02,STORE2,MED009,Vitamins,22.5
2025-01-03,STORE2,MED009,Vitamins,23.0
2025-01-04,STORE2,MED009,Vitamins,17.5
2025-01-05,STORE2,MED009,Vitamins,17.4
2025-01-06,STORE2,MED009,Vitamins,22.8
2025-01-07,STORE2,MED009,Vitamins,23.1
2025-01-08,STORE2,MED009,Vitamins,22.9
2025-01-09,STORE2,MED009,Vitamins,23.1
2025-01-10,STORE2,MED009,Vitamins,22.7
2025-01-11,STORE2,MED009,Vitamins,17.7
2025-01-12,STORE2,MED009,Vitamins,17.2
2025-01-13,STORE2,MED009,Vitamins,22.8
2025-01-14,STORE2,MED009,Vitamins,23.1
2025-01-15,STORE2,MED009,Vitamins,22.9
2025-01-16,STORE2,MED009,Vitamins,22.9
2025-01-17,STORE2,MED009,Vitamins,22.7
2025-01-18,STORE2,MED009,Vitamins,17.5
2025-01-19,STORE2,MED009,Vitamins,17.4
2025-01-20,STORE2,MED009,Vitamins,22.8
2025-01-21,STORE2,MED009,Vitamins,23.1
2025-01-22,STORE2,MED009,Vitamins,22.9
2025-01-23,STORE2,MED009,Vitamins,22.9
2025-01-24,STORE2,MED009,Vitamins,22.7
2025-01-25,STORE2,MED009,Vitamins,17.5
2025-01-26,STORE2,MED009,Vitamins,17.4
2025-01-27,STORE2,MED009,Vitamins,22.8
2025-01-28,STORE2,MED009,Vitamins,23.1
2025-01-29,STORE2,MED009,Vitamins,22.9
2025-01-30,STORE2,MED009,Vitamins,22.9
2025-01-01,STORE2,MED010,Cardiac,14.6
2025-01-02,STORE2,MED010,Cardiac,14.6
2025-01-03,STORE2,MED010,Cardiac,14.6
2025-01-04,STORE2,MED010,Cardiac,11.1
2025-01-05,STORE2,MED010,Cardiac,11.2
2025-01-06,STORE2,MED010,Cardiac,14.7
2025-01-07,STORE2,MED010,Cardiac,14.6
2025-01-08,STORE2,MED010,Cardiac,14.6
2025-01-09,STORE2,MED010,Cardiac,14.6
2025-01-10,STORE2,MED010,Cardiac,14.6
2025-01-11,STORE2,MED010,Cardiac,11.1
2025-01-12,STORE2,MED010,Cardiac,11.2
2025-01-13,STORE2,MED010,Cardiac,14.7
2025-01-14,STORE2,MED010,Cardiac,14.6
2025-01-15,STORE2,MED010,Cardiac,14.6
2025-01-16,STORE2,MED010,Cardiac,14.6
2025-01-17,STORE2,MED010,Cardiac,14.6
2025-01-18,STORE2,MED010,Cardiac,11.1
2025-01-19,STORE2,MED010,Cardiac,11.2
2025-01-20,STORE2,MED010,Cardiac,14.7
2025-01-21,STORE2,MED010,Cardiac,14.6
2025-01-22,STORE2,MED010,Cardiac,14.6
2025-01-23,STORE2,MED010,Cardiac,14.6
2025-01-24,STORE2,MED010,Cardiac,14.6
2025-01-25,STORE2,MED010,Cardiac,11.1
2025-01-26,STORE2,MED010,Cardiac,11.2
2025-01-27,STORE2,MED010,Cardiac,14.7
2025-01-28,STORE2,MED010,Cardiac,14.6
2025-01-29,STORE2,MED010,Cardiac,14.6
2025-01-30,STORE2,MED010,Cardiac,14.6
2025-01-01,STORE2,MED011,Diabetes,14.4
2025-01-02,STORE2,MED011,Diabetes,14.4
2025-01-03,STORE2,MED011,Diabetes,14.4
2025-01-04,STORE2,MED011,Diabetes,11.0
2025-01-05,STORE2,MED011,Diabetes,11.0
2025-01-06,STORE2,MED011,Diabetes,14.6
2025-01-07,STORE2,MED011,Diabetes,14.6
2025-01-08,STORE2,MED011,Diabetes,14.5
2025-01-09,STORE2,MED011,Diabetes,14.5
2025-01-10,STORE2,MED011,Diabetes,14.5
2025-01-11,STORE2,MED011,Diabetes,11.2
2025-01-12,STORE2,MED011,Diabetes,11.1
2025-01-13,STORE2,MED011,Diabetes,14.5
2025-01-14,STORE2,MED011,Diabetes,14.5
2025-01-15,STORE2,MED011,Diabetes,14.5
2025-01-16,STORE2,MED011,Diabetes,14.5
2025-01-17,STORE2,MED011,Diabetes,14.5
2025-01-18,STORE2,MED011,Diabetes,11.1
2025-01-19,STORE2,MED011,Diabetes,11.1
2025-01-20,STORE2,MED011,Diabetes,14.5
2025-01-21,STORE2,MED011,Diabetes,14.5
2025-01-22,STORE2,MED011,Diabetes,14.5
2025-01-23,STORE2,MED011,Diabetes,14.5
2025-01-24,STORE2,MED011,Diabetes,14.5
2025-01-25,STORE2,MED011,Diabetes,11.1
2025-01-26,STORE2,MED011,Diabetes,11.1
2025-01-27,STORE2,MED011,Diabetes,14.5
2025-01-28,STORE2,MED011,Diabetes,14.5
2025-01-29,STORE2,MED011,Diabetes,14.5
2025-01-30,STORE2,MED011,Diabetes,14.5
2025-01-01,STORE2,MED012,Vitamins,22.9
2025-01-02,STORE2,MED012,Vitamins,22.8
2025-01-03,STORE2,MED012,Vitamins,22.7
2025-01-04,STORE2,MED012,Vitamins,17.4
2025-01-05,STORE2,MED012,Vitamins,17.6
2025-01-06,STORE2,MED012,Vitamins,22.6
2025-01-07,STORE2,MED012,Vitamins,22.9
2025-01-08,STORE2,MED012,Vitamins,22.8
2025-01-09,STORE2,MED012,Vitamins,22.7
2025-01-10,STORE2,MED012,Vitamins,22.5
2025-01-11,STORE2,MED012,Vitamins,17.1
2025-01-12,STORE2,MED012,Vitamins,17.1
2025-01-13,STORE2,MED012,Vitamins,22.6
2025-01-14,STORE2,MED012,Vitamins,23.0
2025-01-15,STORE2,MED012,Vitamins,22.7
2025-01-16,STORE2,MED012,Vitamins,22.7
2025-01-17,STORE2,MED012,Vitamins,22.5
2025-01-18,STORE2,MED012,Vitamins,17.7
2025-01-19,STORE2,MED012,Vitamins,17.0
2025-01-20,STORE2,MED012,Vitamins,22.6
2025-01-21,STORE2,MED012,Vitamins,23.0
2025-01-22,STORE2,MED012,Vitamins,22.7
2025-01-23,STORE2,MED012,Vitamins,22.7
2025-01-24,STORE2,MED012,Vitamins,22.5
2025-01-25,STORE2,MED012,Vitamins,17.4
2025-01-26,STORE2,MED012,Vitamins,17.1
2025-01-27,STORE2,MED012,Vitamins,22.6
2025-01-28,STORE2,MED012,Vitamins,23.0
2025-01-29,STORE2,MED012,Vitamins,22.7
2025-01-30,STORE2,MED012,Vitamins,22.7
2025-01-01,STORE2,MED013,Antacids,14.5
2025-01-02,STORE2,MED013,Antacids,14.6
2025-01-03,STORE2,MED013,Antacids,14.6
2025-01-04,STORE2,MED013,Antacids,11.0
2025-01-05,STORE2,MED013,Antacids,11.2
2025-01-06,STORE2,MED013,Antacids,14.7
2025-01-07,STORE2,MED013,Antacids,14.6
2025-01-08,STORE2,MED013,Antacids,14.6
2025-01-09,STORE2,MED013,Antacids,14.6
2025-01-10,STORE2,MED013,Antacids,14.6
2025-01-11,STORE2,MED013,Antacids,11.2
2025-01-12,STORE2,MED013,Antacids,11.2
2025-01-13,STORE2,MED013,Antacids,14.7
2025-01-14,STORE2,MED013,Antacids,14.6
2025-01-15,STORE2,MED013,Antacids,14.6
2025-01-16,STORE2,MED013,Antacids,14.6
2025-01-17,STORE2,MED013,Antacids,14.6
2025-01-18,STORE2,MED013,Antacids,11.2
2025-01-19,STORE2,MED013,Antacids,11.2
2025-01-20,STORE2,MED013,Antacids,14.7
2025-01-21,STORE2,MED013,Antacids,14.6
2025-01-22,STORE2,MED013,Antacids,14.6
2025-01-23,STORE2,MED013,Antacids,14.6
2025-01-24,STORE2,MED013,Antacids,14.6
2025-01-25,STORE2,MED013,Antacids,11.2
2025-01-26,STORE2,MED013,Antacids,11.2
2025-01-27,STORE2,MED013,Antacids,14.7
2025-01-28,STORE2,MED013,Antacids,14.6
2025-01-29,STORE2,MED013,Antacids,14.6
2025-01-30,STORE2,MED013,Antacids,14.6
2025-01-01,STORE2,MED014,Cardiac,14.4
2025-01-02,STORE2,MED014,Cardiac,14.4
2025-01-03,STORE2,MED014,Cardiac,14.5
2025-01-04,STORE2,MED014,Cardiac,11.1
2025-01-05,STORE2,MED014,Cardiac,11.2
2025-01-06,STORE2,MED014,Cardiac,14.5
2025-01-07,STORE2,MED014,Cardiac,14.7
2025-01-08,STORE2,MED014,Cardiac,14.5
2025-01-09,STORE2,MED014,Cardiac,14.5
2025-01-10,STORE2,MED014,Cardiac,14.5
2025-01-11,STORE2,MED014,Cardiac,11.1
2025-01-12,STORE2,MED014,Cardiac,11.1
2025-01-13,STORE2,MED014,Cardiac,14.6
2025-01-14,STORE2,MED014,Cardiac,14.5
2025-01-15,STORE2,MED014,Cardiac,14.5
2025-01-16,STORE2,MED014,Cardiac,14.5
2025-01-17,STORE2,MED014,Cardiac,14.5
2025-01-18,STORE2,MED014,Cardiac,11.1
2025-01-19,STORE2,MED014,Cardiac,11.1
2025-01-20,STORE2,MED014,Cardiac,14.6
2025-01-21,STORE2,MED014,Cardiac,14.5
2025-01-22,STORE2,MED014,Cardiac,14.5
2025-01-23,STORE2,MED014,Cardiac,14.5
2025-01-24,STORE2,MED014,Cardiac,14.5
2025-01-25,STORE2,MED014,Cardiac,11.1
2025-01-26,STORE2,MED014,Cardiac,11.1
2025-01-27,STORE2,MED014,Cardiac,14.6
2025-01-28,STORE2,MED014,Cardiac,14.5
2025-01-29,STORE2,MED014,Cardiac,14.5
2025-01-30,STORE2,MED014,Cardiac,14.5
2025-01-01,STORE2,MED015,Painkillers,14.6
2025-01-02,STORE2,MED015,Painkillers,14.7
2025-01-03,STORE2,MED015,Painkillers,14.7
2025-01-04,STORE2,MED015,Painkillers,11.4
2025-01-05,STORE2,MED015,Painkillers,11.4
2025-01-06,STORE2,MED015,Painkillers,14.8
2025-01-07,STORE2,MED015,Painkillers,14.8
2025-01-08,STORE2,MED015,Painkillers,14.7
2025-01-09,STORE2,MED015,Painkillers,14.8
2025-01-10,STORE2,MED015,Painkillers,14.7
2025-01-11,STORE2,MED015,Painkillers,11.1
2025-01-12,STORE2,MED015,Painkillers,11.4
2025-01-13,STORE2,MED015,Painkillers,14.7
2025-01-14,STORE2,MED015,Painkillers,14.7
2025-01-15,STORE2,MED015,Painkillers,14.7
2025-01-16,STORE2,MED015,Painkillers,14.8
2025-01-17,STORE2,MED015,Painkillers,14.7
2025-01-18,STORE2,MED015,Painkillers,11.1
2025-01-19,STORE2,MED015,Painkillers,11.4
2025-01-20,STORE2,MED015,Painkillers,14.7
2025-01-21,STORE2,MED015,Painkillers,14.7
2025-01-22,STORE2,MED015,Painkillers,14.7
2025-01-23,STORE2,MED015,Painkillers,14.8
2025-01-24,STORE2,MED015,Painkillers,14.7
2025-01-25,STORE2,MED015,Painkillers,11.1
2025-01-26,STORE2,MED015,Painkillers,11.4
2025-01-27,STORE2,MED015,Painkillers,14.7
2025-01-28,STORE2,MED015,Painkillers,14.7
2025-01-29,STORE2,MED015,Painkillers,14.7
2025-01-30,STORE2,MED015,Painkillers,14.8
2025-01-01,STORE2,MED016,Diabetes,14.7
2025-01-02,STORE2,MED016,Diabetes,14.4
2025-01-03,STORE2,MED016,Diabetes,14.5
2025-01-04,STORE2,MED016,Diabetes,11.1
2025-01-05,STORE2,MED016,Diabetes,11.2
2025-01-06,STORE2,MED016,Diabetes,14.5
2025-01-07,STORE2,MED016,Diabetes,14.4
2025-01-08,STORE2,MED016,Diabetes,14.5
2025-01-09,STORE2,MED016,Diabetes,14.5
2025-01-10,STORE2,MED016,Diabetes,14.5
2025-01-11,STORE2,MED016,Diabetes,11.2
2025-01-12,STORE2,MED016,Diabetes,11.1
2025-01-13,STORE2,MED016,Diabetes,14.5
2025-01-14,STORE2,MED016,Diabetes,14.5
2025-01-15,STORE2,MED016,Diabetes,14.5
2025-01-16,STORE2,MED016,Diabetes,14.5
2025-01-17,STORE2,MED016,Diabetes,14.5
2025-01-18,STORE2,MED016,Diabetes,11.2
2025-01-19,STORE2,MED016,Diabetes,11.1
2025-01-20,STORE2,MED016,Diabetes,14.5
2025-01-21,STORE2,MED016,Diabetes,14.5
2025-01-22,STORE2,MED016,Diabetes,14.5
2025-01-23,STORE2,MED016,Diabetes,14.5
2025-01-24,STORE2,MED016,Diabetes,14.5
2025-01-25,STORE2,MED016,Diabetes,11.2
2025-01-26,STORE2,MED016,Diabetes,11.1
2025-01-27,STORE2,MED016,Diabetes,14.5
2025-01-28,STORE2,MED016,Diabetes,14.5
2025-01-29,STORE2,MED016,Diabetes,14.5
2025-01-30,STORE2,MED016,Diabetes,14.5
2025-01-01,STORE2,MED017,Antacids,14.7
2025-01-02,STORE2,MED017,Antacids,14.7
2025-01-03,STORE2,MED017,Antacids,14.6
2025-01-04,STORE2,MED017,Antacids,11.1
2025-01-05,STORE2,MED017,Antacids,11.1
2025-01-06,STORE2,MED017,Antacids,14.7
2025-01-07,STORE2,MED017,Antacids,14.6
2025-01-08,STORE2,MED017,Antacids,14.6
2025-01-09,STORE2,MED017,Antacids,14.7
2025-01-10,STORE2,MED017,Antacids,14.6
2025-01-11,STORE2,MED017,Antacids,11.1
2025-01-12,STORE2,MED017,Antacids,11.1
2025-01-13,STORE2,MED017,Antacids,14.7
2025-01-14,STORE2,MED017,Antacids,14.7
2025-01-15,STORE2,MED017,Antacids,14.6
2025-01-16,STORE2,MED017,Antacids,14.7
2025-01-17,STORE2,MED017,Antacids,14.6
2025-01-18,STORE2,MED017,Antacids,11.1
2025-01-19,STORE2,MED017,Antacids,11.1
2025-01-20,STORE2,MED017,Antacids,14.7
2025-01-21,STORE2,MED017,Antacids,14.7
2025-01-22,STORE2,MED017,Antacids,14.6
2025-01-23,STORE2,MED017,Antacids,14.7
2025-01-24,STORE2,MED017,Antacids,14.6
2025-01-25,STORE2,MED017,Antacids,11.1
2025-01-26,STORE2,MED017,Antacids,11.1
2025-01-27,STORE2,MED017,Antacids,14.7
2025-01-28,STORE2,MED017,Antacids,14.7
2025-01-29,STORE2,MED017,Antacids,14.6
2025-01-30,STORE2,MED017,Antacids,14.7
2025-01-01,STORE2,MED018,Antacids,14.6
2025-01-02,STORE2,MED018,Antacids,14.7
2025-01-03,STORE2,MED018,Antacids,14.6
2025-01-04,STORE2,MED018,Antacids,11.0
2025-01-05,STORE2,MED018,Antacids,11.1
2025-01-06,STORE2,MED018,Antacids,14.7
2025-01-07,STORE2,MED018,Antacids,14.6
2025-01-08,STORE2,MED018,Antacids,14.7
2025-01-09,STORE2,MED018,Antacids,14.7
2025-01-10,STORE2,MED018,Antacids,14.7
2025-01-11,STORE2,MED018,Antacids,11.1
2025-01-12,STORE2,MED018,Antacids,11.2
2025-01-13,STORE2,MED018,Antacids,14.7
2025-01-14,STORE2,MED018,Antacids,14.7
2025-01-15,STORE2,MED018,Antacids,14.7
2025-01-16,STORE2,MED018,Antacids,14.7
2025-01-17,STORE2,MED018,Antacids,14.7
2025-01-18,STORE2,MED018,Antacids,11.1
2025-01-19,STORE2,MED018,Antacids,11.2
2025-01-20,STORE2,MED018,Antacids,14.7
2025-01-21,STORE2,MED018,Antacids,14.7
2025-01-22,STORE2,MED018,Antacids,14.7
2025-01-23,STORE2,MED018,Antacids,14.7
2025-01-24,STORE2,MED018,Antacids,14.7
2025-01-25,STORE2,MED018,Antacids,11.1
2025-01-26,STORE2,MED018,Antacids,11.2
2025-01-27,STORE2,MED018,Antacids,14.7
2025-01-28,STORE2,MED018,Antacids,14.7
2025-01-29,STORE2,MED018,Antacids,14.7
2025-01-30,STORE2,MED018,Antacids,14.7
2025-01-01,STORE2,MED019,Painkillers,14.5
2025-01-02,STORE2,MED019,Painkillers,14.5
2025-01-03,STORE2,MED019,Painkillers,14.6
2025-01-04,STORE2,MED019,Painkillers,11.1
2025-01-05,STORE2,MED019,Painkillers,11.1
2025-01-06,STORE2,MED019,Painkillers,14.6
2025-01-07,STORE2,MED019,Painkillers,14.6
2025-01-08,STORE2,MED019,Painkillers,14.6
2025-01-09,STORE2,MED019,Painkillers,14.5
2025-01-10,STORE2,MED019,Painkillers,14.6
2025-01-11,STORE2,MED019,Painkillers,11.2
2025-01-12,STORE2,MED019,Painkillers,11.0
2025-01-13,STORE2,MED019,Painkillers,14.6
2025-01-14,STORE2,MED019,Painkillers,14.6
2025-01-15,STORE2,MED019,Painkillers,14.6
2025-01-16,STORE2,MED019,Painkillers,14.5
2025-01-17,STORE2,MED019,Painkillers,14.6
2025-01-18,STORE2,MED019,Painkillers,11.2
2025-01-19,STORE2,MED019,Painkillers,11.0
2025-01-20,STORE2,MED019,Painkillers,14.6
2025-01-21,STORE2,MED019,Painkillers,14.6
2025-01-22,STORE2,MED019,Painkillers,14.6
2025-01-23,STORE2,MED019,Painkillers,14.5
2025-01-24,STORE2,MED019,Painkillers,14.6
2025-01-25,STORE2,MED019,Painkillers,11.2
2025-01-26,STORE2,MED019,Painkillers,11.0
2025-01-27,STORE2,MED019,Painkillers,14.6
2025-01-28,STORE2,MED019,Painkillers,14.6
2025-01-29,STORE2,MED019,Painkillers,14.6
2025-01-30,STORE2,MED019,Painkillers,14.5
2025-01-01,STORE2,MED020,Diabetes,14.5
2025-01-02,STORE2,MED020,Diabetes,14.6
2025-01-03,STORE2,MED020,Diabetes,14.5
2025-01-04,STORE2,MED020,Diabetes,11.1
2025-01-05,STORE2,MED020,Diabetes,11.2
2025-01-06,STORE2,MED020,Diabetes,14.7
2025-01-07,STORE2,MED020,Diabetes,14.6
2025-01-08,STORE2,MED020,Diabetes,14.6
2025-01-09,STORE2,MED020,Diabetes,14.6
2025-01-10,STORE2,MED020,Diabetes,14.6
2025-01-11,STORE2,MED020,Diabetes,11.2
2025-01-12,STORE2,MED020,Diabetes,11.2
2025-01-13,STORE2,MED020,Diabetes,14.6
2025-01-14,STORE2,MED020,Diabetes,14.6
2025-01-15,STORE2,MED020,Diabetes,14.6
2025-01-16,STORE2,MED020,Diabetes,14.6
2025-01-17,STORE2,MED020,Diabetes,14.6
2025-01-18,STORE2,MED020,Diabetes,11.2
2025-01-19,STORE2,MED020,Diabetes,11.1
2025-01-20,STORE2,MED020,Diabetes,14.6
2025-01-21,STORE2,MED020,Diabetes,14.6
2025-01-22,STORE2,MED020,Diabetes,14.6
2025-01-23,STORE2,MED020,Diabetes,14.6
2025-01-24,STORE2,MED020,Diabetes,14.6
2025-01-25,STORE2,MED020,Diabetes,11.2
2025-01-26,STORE2,MED020,Diabetes,11.1
2025-01-27,STORE2,MED020,Diabetes,14.6
2025-01-28,STORE2,MED020,Diabetes,14.6
2025-01-29,STORE2,MED020,Diabetes,14.6
2025-01-30,STORE2,MED020,Diabetes,14.6
2025-01-01,STORE3,MED001,Diabetes,14.6
2025-01-02,STORE3,MED001,Diabetes,14.7
2025-01-03,STORE3,MED001,Diabetes,14.6
2025-01-04,STORE3,MED001,Diabetes,11.0
2025-01-05,STORE3,MED001,Diabetes,11.1
2025-01-06,STORE3,MED001,Diabetes,14.7
2025-01-07,STORE3,MED001,Diabetes,14.6
2025-01-08,STORE3,MED001,Diabetes,14.6
2025-01-09,STORE3,MED001,Diabetes,14.7
2025-01-10,STORE3,MED001,Diabetes,14.6
2025-01-11,STORE3,MED001,Diabetes,11.0
2025-01-12,STORE3,MED001,Diabetes,11.1
2025-01-13,STORE3,MED001,Diabetes,14.7
2025-01-14,STORE3,MED001,Diabetes,14.6
2025-01-15,STORE3,MED001,Diabetes,14.6
2025-01-16,STORE3,MED001,Diabetes,14.7
2025-01-17,STORE3,MED001,Diabetes,14.6
2025-01-18,STORE3,MED001,Diabetes,11.0
2025-01-19,STORE3,MED001,Diabetes,11.1
2025-01-20,STORE3,MED001,Diabetes,14.7
2025-01-21,STORE3,MED001,Diabetes,14.6
2025-01-22,STORE3,MED001,Diabetes,14.6
2025-01-23,STORE3,MED001,Diabetes,14.7
2025-01-24,STORE3,MED001,Diabetes,14.6
2025-01-25,STORE3,MED001,Diabetes,11.0
2025-01-26,STORE3,MED001,Diabetes,11.1
2025-01-27,STORE3,MED001,Diabetes,14.7
2025-01-28,STORE3,MED001,Diabetes,14.6
2025-01-29,STORE3,MED001,Diabetes,14.6
2025-01-30,STORE3,MED001,Diabetes,14.7
2025-01-01,STORE3,MED002,Cardiac,14.6
2025-01-02,STORE3,MED002,Cardiac,14.6
2025-01-03,STORE3,MED002,Cardiac,14.5
2025-01-04,STORE3,MED002,Cardiac,11.1
2025-01-05,STORE3,MED002,Cardiac,11.1
2025-01-06,STORE3,MED002,Cardiac,14.7
2025-01-07,STORE3,MED002,Cardiac,14.6
2025-01-08,STORE3,MED002,Cardiac,14.6
2025-01-09,STORE3,MED002,Cardiac,14.6
2025-01-10,STORE3,MED002,Cardiac,14.6
2025-01-11,STORE3,MED002,Cardiac,11.1
2025-01-12,STORE3,MED002,Cardiac,11.1
2025-01-13,STORE3,MED002,Cardiac,14.6
2025-01-14,STORE3,MED002,Cardiac,14.6
2025-01-15,STORE3,MED002,Cardiac,14.6
2025-01-16,STORE3,MED002,Cardiac,14.6
2025-01-17,STORE3,MED002,Cardiac,14.6
2025-01-18,STORE3,MED002,Cardiac,11.1
2025-01-19,STORE3,MED002,Cardiac,11.1
2025-01-20,STORE3,MED002,Cardiac,14.6
2025-01-21,STORE3,MED002,Cardiac,14.6
2025-01-22,STORE3,MED002,Cardiac,14.6
2025-01-23,STORE3,MED002,Cardiac,14.6
2025-01-24,STORE3,MED002,Cardiac,14.6
2025-01-25,STORE3,MED002,Cardiac,11.1
2025-01-26,STORE3,MED002,Cardiac,11.1
2025-01-27,STORE3,MED002,Cardiac,14.6
2025-01-28,STORE3,MED002,Cardiac,14.6
2025-01-29,STORE3,MED002,Cardiac,14.6
2025-01-30,STORE3,MED002,Cardiac,14.6
2025-01-01,STORE3,MED003,Vitamins,23.1
2025-01-02,STORE3,MED003,Vitamins,23.1
2025-01-03,STORE3,MED003,Vitamins,22.7
2025-01-04,STORE3,MED003,Vitamins,18.1
2025-01-05,STORE3,MED003,Vitamins,17.5
2025-01-06,STORE3,MED003,Vitamins,22.4
2025-01-07,STORE3,MED003,Vitamins,22.7
2025-01-08,STORE3,MED003,Vitamins,22.9
2025-01-09,STORE3,MED003,Vitamins,22.9
2025-01-10,STORE3,MED003,Vitamins,22.7
2025-01-11,STORE3,MED003,Vitamins,17.5
2025-01-12,STORE3,MED003,Vitamins,17.5
2025-01-13,STORE3,MED003,Vitamins,22.9
2025-01-14,STORE3,MED003,Vitamins,23.0
2025-01-15,STORE3,MED003,Vitamins,22.9
2025-01-16,STORE3,MED003,Vitamins,22.9
2025-01-17,STORE3,MED003,Vitamins,22.7
2025-01-18,STORE3,MED003,Vitamins,17.5
2025-01-19,STORE3,MED003,Vitamins,17.5
2025-01-20,STORE3,MED003,Vitamins,22.8
2025-01-21,STORE3,MED003,Vitamins,23.0
2025-01-22,STORE3,MED003,Vitamins,22.9
2025-01-23,STORE3,MED003,Vitamins,22.9
2025-01-24,STORE3,MED003,Vitamins,22.7
2025-01-25,STORE3,MED003,Vitamins,17.5
2025-01-26,STORE3,MED003,Vitamins,17.5
2025-01-27,STORE3,MED003,Vitamins,22.8
2025-01-28,STORE3,MED003,Vitamins,23.0
2025-01-29,STORE3,MED003,Vitamins,22.9
2025-01-30,STORE3,MED003,Vitamins,22.9
2025-01-01,STORE3,MED004,Cardiac,14.9
2025-01-02,STORE3,MED004,Cardiac,14.6
2025-01-03,STORE3,MED004,Cardiac,14.5
2025-01-04,STORE3,MED004,Cardiac,11.0
2025-01-05,STORE3,MED004,Cardiac,11.1
2025-01-06,STORE3,MED004,Cardiac,14.7
2025-01-07,STORE3,MED004,Cardiac,14.6
2025-01-08,STORE3,MED004,Cardiac,14.6
2025-01-09,STORE3,MED004,Cardiac,14.6
2025-01-10,STORE3,MED004,Cardiac,14.6
2025-01-11,STORE3,MED004,Cardiac,11.1
2025-01-12,STORE3,MED004,Cardiac,11.1
2025-01-13,STORE3,MED004,Cardiac,14.6
2025-01-14,STORE3,MED004,Cardiac,14.6
2025-01-15,STORE3,MED004,Cardiac,14.6
2025-01-16,STORE3,MED004,Cardiac,14.6
2025-01-17,STORE3,MED004,Cardiac,14.6
2025-01-18,STORE3,MED004,Cardiac,11.1
2025-01-19,STORE3,MED004,Cardiac,11.1
2025-01-20,STORE3,MED004,Cardiac,14.6
2025-01-21,STORE3,MED004,Cardiac,14.6
2025-01-22,STORE3,MED004,Cardiac,14.6
2025-01-23,STORE3,MED004,Cardiac,14.6
2025-01-24,STORE3,MED004,Cardiac,14.6
2025-01-25,STORE3,MED004,Cardiac,11.1
2025-01-26,STORE3,MED004,Cardiac,11.1
2025-01-27,STORE3,MED004,Cardiac,14.6
2025-01-28,STORE3,MED004,Cardiac,14.6
2025-01-29,STORE3,MED004,Cardiac,14.6
2025-01-30,STORE3,MED004,Cardiac,14.6
2025-01-01,STORE3,MED005,Cardiac,14.5
2025-01-02,STORE3,MED005,Cardiac,14.6
2025-01-03,STORE3,MED005,Cardiac,14.6
2025-01-04,STORE3,MED005,Cardiac,10.9
2025-01-05,STORE3,MED005,Cardiac,11.1
2025-01-06,STORE3,MED005,Cardiac,14.6
2025-01-07,STORE3,MED005,Cardiac,14.5
2025-01-08,STORE3,MED005,Cardiac,14.6
2025-01-09,STORE3,MED005,Cardiac,14.6
2025-01-10,STORE3,MED005,Cardiac,14.6
2025-01-11,STORE3,MED005,Cardiac,11.0
2025-01-12,STORE3,MED005,Cardiac,11.0
2025-01-13,STORE3,MED005,Cardiac,14.7
2025-01-14,STORE3,MED005,Cardiac,14.6
2025-01-15,STORE3,MED005,Cardiac,14.6
2025-01-16,STORE3,MED005,Cardiac,14.6
2025-01-17,STORE3,MED005,Cardiac,14.6
2025-01-18,STORE3,MED005,Cardiac,11.0
2025-01-19,STORE3,MED005,Cardiac,11.0
2025-01-20,STORE3,MED005,Cardiac,14.7
2025-01-21,STORE3,MED005,Cardiac,14.6
2025-01-22,STORE3,MED005,Cardiac,14.6
2025-01-23,STORE3,MED005,Cardiac,14.6
2025-01-24,STORE3,MED005,Cardiac,14.6
2025-01-25,STORE3,MED005,Cardiac,11.0
2025-01-26,STORE3,MED005,Cardiac,11.0
2025-01-27,STORE3,MED005,Cardiac,14.7
2025-01-28,STORE3,MED005,Cardiac,14.6
2025-01-29,STORE3,MED005,Cardiac,14.6
2025-01-30,STORE3,MED005,Cardiac,14.6
2025-01-01,STORE3,MED006,Painkillers,14.4
2025-01-02,STORE3,MED006,Painkillers,14.6
2025-01-03,STORE3,MED006,Painkillers,14.6
2025-01-04,STORE3,MED006,Painkillers,11.3
2025-01-05,STORE3,MED006,Painkillers,11.0
2025-01-06,STORE3,MED006,Painkillers,14.6
2025-01-07,STORE3,MED006,Painkillers,14.7
2025-01-08,STORE3,MED006,Painkillers,14.6
2025-01-09,STORE3,MED006,Painkillers,14.5
2025-01-10,STORE3,MED006,Painkillers,14.6
2025-01-11,STORE3,MED006,Painkillers,11.2
2025-01-12,STORE3,MED006,Painkillers,11.1
2025-01-13,STORE3,MED006,Painkillers,14.6
2025-01-14,STORE3,MED006,Painkillers,14.6
2025-01-15,STORE3,MED006,Painkillers,14.6
2025-01-16,STORE3,MED006,Painkillers,14.5
2025-01-17,STORE3,MED006,Painkillers,14.6
2025-01-18,STORE3,MED006,Painkillers,11.1
2025-01-19,STORE3,MED006,Painkillers,11.0
2025-01-20,STORE3,MED006,Painkillers,14.6
2025-01-21,STORE3,MED006,Painkillers,14.6
2025-01-22,STORE3,MED006,Painkillers,14.6
2025-01-23,STORE3,MED006,Painkillers,14.5
2025-01-24,STORE3,MED006,Painkillers,14.6
2025-01-25,STORE3,MED006,Painkillers,11.1
2025-01-26,STORE3,MED006,Painkillers,11.0
2025-01-27,STORE3,MED006,Painkillers,14.6
2025-01-28,STORE3,MED006,Painkillers,14.6
2025-01-29,STORE3,MED006,Painkillers,14.6
2025-01-30,STORE3,MED006,Painkillers,14.5
2025-01-01,STORE3,MED007,Vitamins,23.9
2025-01-02,STORE3,MED007,Vitamins,22.2
2025-01-03,STORE3,MED007,Vitamins,22.4
2025-01-04,STORE3,MED007,Vitamins,16.7
2025-01-05,STORE3,MED007,Vitamins,16.9
2025-01-06,STORE3,MED007,Vitamins,23.5
2025-01-07,STORE3,MED007,Vitamins,22.8
2025-01-08,STORE3,MED007,Vitamins,22.7
2025-01-09,STORE3,MED007,Vitamins,22.9
2025-01-10,STORE3,MED007,Vitamins,22.8
2025-01-11,STORE3,MED007,Vitamins,17.6
2025-01-12,STORE3,MED007,Vitamins,16.5
2025-01-13,STORE3,MED007,Vitamins,23.3
2025-01-14,STORE3,MED007,Vitamins,23.2
2025-01-15,STORE3,MED007,Vitamins,22.8
2025-01-16,STORE3,MED007,Vitamins,22.8
2025-01-17,STORE3,MED007,Vitamins,22.6
2025-01-18,STORE3,MED007,Vitamins,17.0
2025-01-19,STORE3,MED007,Vitamins,16.1
2025-01-20,STORE3,MED007,Vitamins,23.2
2025-01-21,STORE3,MED007,Vitamins,23.1
2025-01-22,STORE3,MED007,Vitamins,22.8
2025-01-23,STORE3,MED007,Vitamins,22.8
2025-01-24,STORE3,MED007,Vitamins,22.6
2025-01-25,STORE3,MED007,Vitamins,17.7
2025-01-26,STORE3,MED007,Vitamins,16.0
2025-01-27,STORE3,MED007,Vitamins,23.2
2025-01-28,STORE3,MED007,Vitamins,23.1
2025-01-29,STORE3,MED007,Vitamins,22.8
2025-01-30,STORE3,MED007,Vitamins,22.7
2025-01-01,STORE3,MED008,Vitamins,25.8
2025-01-02,STORE3,MED008,Vitamins,18.2
2025-01-03,STORE3,MED008,Vitamins,25.6
2025-01-04,STORE3,MED008,Vitamins,12.7
2025-01-05,STORE3,MED008,Vitamins,12.2
2025-01-06,STORE3,MED008,Vitamins,18.4
2025-01-07,STORE3,MED008,Vitamins,24.1
2025-01-08,STORE3,MED008,Vitamins,22.4
2025-01-09,STORE3,MED008,Vitamins,22.5
2025-01-10,STORE3,MED008,Vitamins,22.0
2025-01-11,STORE3,MED008,Vitamins,19.2
2025-01-12,STORE3,MED008,Vitamins,17.2
2025-01-13,STORE3,MED008,Vitamins,22.5
2025-01-14,STORE3,MED008,Vitamins,23.0
2025-01-15,STORE3,MED008,Vitamins,23.1
2025-01-16,STORE3,MED008,Vitamins,23.1
2025-01-17,STORE3,MED008,Vitamins,23.0
2025-01-18,STORE3,MED008,Vitamins,17.1
2025-01-19,STORE3,MED008,Vitamins,16.8
2025-01-20,STORE3,MED008,Vitamins,22.9
2025-01-21,STORE3,MED008,Vitamins,23.1
2025-01-22,STORE3,MED008,Vitamins,22.9
2025-01-23,STORE3,MED008,Vitamins,22.9
2025-01-24,STORE3,MED008,Vitamins,22.7
2025-01-25,STORE3,MED008,Vitamins,17.8
2025-01-26,STORE3,MED008,Vitamins,16.8
2025-01-27,STORE3,MED008,Vitamins,22.8
2025-01-28,STORE3,MED008,Vitamins,23.1
2025-01-29,STORE3,MED008,Vitamins,22.9
2025-01-30,STORE3,MED008,Vitamins,22.9
2025-01-01,STORE3,MED009,Vitamins,23.9
2025-01-02,STORE3,MED009,Vitamins,22.3
2025-01-03,STORE3,MED009,Vitamins,22.5
2025-01-04,STORE3,MED009,Vitamins,17.0
2025-01-05,STORE3,MED009,Vitamins,17.9
2025-01-06,STORE3,MED009,Vitamins,22.2
2025-01-07,STORE3,MED009,Vitamins,23.2
2025-01-08,STORE3,MED009,Vitamins,22.9
2025-01-09,STORE3,MED009,Vitamins,23.1
2025-01-10,STORE3,MED009,Vitamins,22.9
2025-01-11,STORE3,MED009,Vitamins,17.7
2025-01-12,STORE3,MED009,Vitamins,17.2
2025-01-13,STORE3,MED009,Vitamins,22.9
2025-01-14,STORE3,MED009,Vitamins,23.1
2025-01-15,STORE3,MED009,Vitamins,22.9
2025-01-16,STORE3,MED009,Vitamins,22.9
2025-01-17,STORE3,MED009,Vitamins,22.7
2025-01-18,STORE3,MED009,Vitamins,17.5
2025-01-19,STORE3,MED009,Vitamins,17.4
2025-01-20,STORE3,MED009,Vitamins,22.8
2025-01-21,STORE3,MED009,Vitamins,23.1
2025-01-22,STORE3,MED009,Vitamins,22.9
2025-01-23,STORE3,MED009,Vitamins,22.9
2025-01-24,STORE3,MED009,Vitamins,22.7
2025-01-25,STORE3,MED009,Vitamins,17.5
2025-01-26,STORE3,MED009,Vitamins,17.4
2025-01-27,STORE3,MED009,Vitamins,22.8
2025-01-28,STORE3,MED009,Vitamins,23.1
2025-01-29,STORE3,MED009,Vitamins,22.9
2025-01-30,STORE3,MED009,Vitamins,22.9
2025-01-01,STORE3,MED010,Cardiac,14.4
2025-01-02,STORE3,MED010,Cardiac,14.6
2025-01-03,STORE3,MED010,Cardiac,14.6
2025-01-04,STORE3,MED010,Cardiac,11.0
2025-01-05,STORE3,MED010,Cardiac,11.1
2025-01-06,STORE3,MED010,Cardiac,14.7
2025-01-07,STORE3,MED010,Cardiac,14.6
2025-01-08,STORE3,MED010,Cardiac,14.6
2025-01-09,STORE3,MED010,Cardiac,14.6
2025-01-10,STORE3,MED010,Cardiac,14.6
2025-01-11,STORE3,MED010,Cardiac,11.1
2025-01-12,STORE3,MED010,Cardiac,11.2
2025-01-13,STORE3,MED010,Cardiac,14.7
2025-01-14,STORE3,MED010,Cardiac,14.6
2025-01-15,STORE3,MED010,Cardiac,14.6
2025-01-16,STORE3,MED010,Cardiac,14.6
2025-01-17,STORE3,MED010,Cardiac,14.6
2025-01-18,STORE3,MED010,Cardiac,11.1
2025-01-19,STORE3,MED010,Cardiac,11.2
2025-01-20,STORE3,MED010,Cardiac,14.7
2025-01-21,STORE3,MED010,Cardiac,14.6
2025-01-22,STORE3,MED010,Cardiac,14.6
2025-01-23,STORE3,MED010,Cardiac,14.6
2025-01-24,STORE3,MED010,Cardiac,14.6
2025-01-25,STORE3,MED010,Cardiac,11.1
2025-01-26,STORE3,MED010,Cardiac,11.2
2025-01-27,STORE3,MED010,Cardiac,14.7
2025-01-28,STORE3,MED010,Cardiac,14.6
2025-01-29,STORE3,MED010,Cardiac,14.6
2025-01-30,STORE3,MED010,Cardiac,14.6
2025-01-01,STORE3,MED011,Diabetes,14.6
2025-01-02,STORE3,MED011,Diabetes,14.4
2025-01-03,STORE3,MED011,Diabetes,14.5
2025-01-04,STORE3,MED011,Diabetes,11.1
2025-01-05,STORE3,MED011,Diabetes,11.2
2025-01-06,STORE3,MED011,Diabetes,14.6
2025-01-07,STORE3,MED011,Diabetes,14.5
2025-01-08,STORE3,MED011,Diabetes,14.5
2025-01-09,STORE3,MED011,Diabetes,14.5
2025-01-10,STORE3,MED011,Diabetes,14.5
2025-01-11,STORE3,MED011,Diabetes,11.1
2025-01-12,STORE3,MED011,Diabetes,11.1
2025-01-13,STORE3,MED011,Diabetes,14.5
2025-01-14,STORE3,MED011,Diabetes,14.5
2025-01-15,STORE3,MED011,Diabetes,14.5
2025-01-16,STORE3,MED011,Diabetes,14.5
2025-01-17,STORE3,MED011,Diabetes,14.5
2025-01-18,STORE3,MED011,Diabetes,11.1
2025-01-19,STORE3,MED011,Diabetes,11.1
2025-01-20,STORE3,MED011,Diabetes,14.5
2025-01-21,STORE3,MED011,Diabetes,14.5
2025-01-22,STORE3,MED011,Diabetes,14.5
2025-01-23,STORE3,MED011,Diabetes,14.5
2025-01-24,STORE3,MED011,Diabetes,14.5
2025-01-25,STORE3,MED011,Diabetes,11.1
2025-01-26,STORE3,MED011,Diabetes,11.1
2025-01-27,STORE3,MED011,Diabetes,14.5
2025-01-28,STORE3,MED011,Diabetes,14.5
2025-01-29,STORE3,MED011,Diabetes,14.5
2025-01-30,STORE3,MED011,Diabetes,14.5
2025-01-01,STORE3,MED012,Vitamins,23.0
2025-01-02,STORE3,MED012,Vitamins,23.0
2025-01-03,STORE3,MED012,Vitamins,22.8
2025-01-04,STORE3,MED012,Vitamins,17.7
2025-01-05,STORE3,MED012,Vitamins,16.5
2025-01-06,STORE3,MED012,Vitamins,22.8
2025-01-07,STORE3,MED012,Vitamins,23.0
2025-01-08,STORE3,MED012,Vitamins,22.8
2025-01-09,STORE3,MED012,Vitamins,22.7
2025-01-10,STORE3,MED012,Vitamins,22.5
2025-01-11,STORE3,MED012,Vitamins,17.5
2025-01-12,STORE3,MED012,Vitamins,16.1
2025-01-13,STORE3,MED012,Vitamins,22.8
2025-01-14,STORE3,MED012,Vitamins,23.0
2025-01-15,STORE3,MED012,Vitamins,22.8
2025-01-16,STORE3,MED012,Vitamins,22.8
2025-01-17,STORE3,MED012,Vitamins,22.5
2025-01-18,STORE3,MED012,Vitamins,17.5
2025-01-19,STORE3,MED012,Vitamins,16.1
2025-01-20,STORE3,MED012,Vitamins,22.9
2025-01-21,STORE3,MED012,Vitamins,23.0
2025-01-22,STORE3,MED012,Vitamins,22.7
2025-01-23,STORE3,MED012,Vitamins,22.7
2025-01-24,STORE3,MED012,Vitamins,22.5
2025-01-25,STORE3,MED012,Vitamins,17.5
2025-01-26,STORE3,MED012,Vitamins,16.1
2025-01-27,STORE3,MED012,Vitamins,22.9
2025-01-28,STORE3,MED012,Vitamins,23.0
2025-01-29,STORE3,MED012,Vitamins,22.7
2025-01-30,STORE3,MED012,Vitamins,22.7
2025-01-01,STORE3,MED013,Antacids,14.6
2025-01-02,STORE3,MED013,Antacids,14.7
2025-01-03,STORE3,MED013,Antacids,14.6
2025-01-04,STORE3,MED013,Antacids,11.0
2025-01-05,STORE3,MED013,Antacids,11.2
2025-01-06,STORE3,MED013,Antacids,14.7
2025-01-07,STORE3,MED013,Antacids,14.6
2025-01-08,STORE3,MED013,Antacids,14.6
2025-01-09,STORE3,MED013,Antacids,14.6
2025-01-10,STORE3,MED013,Antacids,14.6
2025-01-11,STORE3,MED013,Antacids,11.2
2025-01-12,STORE3,MED013,Antacids,11.2
2025-01-13,STORE3,MED013,Antacids,14.7
2025-01-14,STORE3,MED013,Antacids,14.6
2025-01-15,STORE3,MED013,Antacids,14.6
2025-01-16,STORE3,MED013,Antacids,14.6
2025-01-17,STORE3,MED013,Antacids,14.6
2025-01-18,STORE3,MED013,Antacids,11.2
2025-01-19,STORE3,MED013,Antacids,11.2
2025-01-20,STORE3,MED013,Antacids,14.7
2025-01-21,STORE3,MED013,Antacids,14.6
2025-01-22,STORE3,MED013,Antacids,14.6
2025-01-23,STORE3,MED013,Antacids,14.6
2025-01-24,STORE3,MED013,Antacids,14.6
2025-01-25,STORE3,MED013,Antacids,11.2
2025-01-26,STORE3,MED013,Antacids,11.2
2025-01-27,STORE3,MED013,Antacids,14.7
2025-01-28,STORE3,MED013,Antacids,14.6
2025-01-29,STORE3,MED013,Antacids,14.6
2025-01-30,STORE3,MED013,Antacids,14.6
2025-01-01,STORE3,MED014,Cardiac,14.4
2025-01-02,STORE3,MED014,Cardiac,14.5
2025-01-03,STORE3,MED014,Cardiac,14.4
2025-01-04,STORE3,MED014,Cardiac,11.1
2025-01-05,STORE3,MED014,Cardiac,11.1
2025-01-06,STORE3,MED014,Cardiac,14.5
2025-01-07,STORE3,MED014,Cardiac,14.5
2025-01-08,STORE3,MED014,Cardiac,14.5
2025-01-09,STORE3,MED014,Cardiac,14.5
2025-01-10,STORE3,MED014,Cardiac,14.5
2025-01-11,STORE3,MED014,Cardiac,11.1
2025-01-12,STORE3,MED014,Cardiac,11.1
2025-01-13,STORE3,MED014,Cardiac,14.6
2025-01-14,STORE3,MED014,Cardiac,14.5
2025-01-15,STORE3,MED014,Cardiac,14.5
2025-01-16,STORE3,MED014,Cardiac,14.5
2025-01-17,STORE3,MED014,Cardiac,14.5
2025-01-18,STORE3,MED014,Cardiac,11.1
2025-01-19,STORE3,MED014,Cardiac,11.1
2025-01-20,STORE3,MED014,Cardiac,14.6
2025-01-21,STORE3,MED014,Cardiac,14.5
2025-01-22,STORE3,MED014,Cardiac,14.5
2025-01-23,STORE3,MED014,Cardiac,14.5
2025-01-24,STORE3,MED014,Cardiac,14.5
2025-01-25,STORE3,MED014,Cardiac,11.1
2025-01-26,STORE3,MED014,Cardiac,11.1
2025-01-27,STORE3,MED014,Cardiac,14.6
2025-01-28,STORE3,MED014,Cardiac,14.5
2025-01-29,STORE3,MED014,Cardiac,14.5
2025-01-30,STORE3,MED014,Cardiac,14.5
2025-01-01,STORE3,MED015,Painkillers,14.5
2025-01-02,STORE3,MED015,Painkillers,14.8
2025-01-03,STORE3,MED015,Painkillers,14.7
2025-01-04,STORE3,MED015,Painkillers,11.4
2025-01-05,STORE3,MED015,Painkillers,12.1
2025-01-06,STORE3,MED015,Painkillers,14.6
2025-01-07,STORE3,MED015,Painkillers,14.6
2025-01-08,STORE3,MED015,Painkillers,14.7
2025-01-09,STORE3,MED015,Painkillers,14.8
2025-01-10,STORE3,MED015,Painkillers,14.7
2025-01-11,STORE3,MED015,Painkillers,11.1
2025-01-12,STORE3,MED015,Painkillers,11.3
2025-01-13,STORE3,MED015,Painkillers,14.7
2025-01-14,STORE3,MED015,Painkillers,14.7
2025-01-15,STORE3,MED015,Painkillers,14.7
2025-01-16,STORE3,MED015,Painkillers,14.8
2025-01-17,STORE3,MED015,Painkillers,14.7
2025-01-18,STORE3,MED015,Painkillers,11.1
2025-01-19,STORE3,MED015,Painkillers,11.4
2025-01-20,STORE3,MED015,Painkillers,14.7
2025-01-21,STORE3,MED015,Painkillers,14.7
2025-01-22,STORE3,MED015,Painkillers,14.7
2025-01-23,STORE3,MED015,Painkillers,14.8
2025-01-24,STORE3,MED015,Painkillers,14.7
2025-01-25,STORE3,MED015,Painkillers,11.1
2025-01-26,STORE3,MED015,Painkillers,11.4
2025-01-27,STORE3,MED015,Painkillers,14.7
2025-01-28,STORE3,MED015,Painkillers,14.7
2025-01-29,STORE3,MED015,Painkillers,14.7
2025-01-30,STORE3,MED015,Painkillers,14.8
2025-01-01,STORE3,MED016,Diabetes,14.5
2025-01-02,STORE3,MED016,Diabetes,14.4
2025-01-03,STORE3,MED016,Diabetes,14.4
2025-01-04,STORE3,MED016,Diabetes,11.1
2025-01-05,STORE3,MED016,Diabetes,11.2
2025-01-06,STORE3,MED016,Diabetes,14.5
2025-01-07,STORE3,MED016,Diabetes,14.6
2025-01-08,STORE3,MED016,Diabetes,14.5
2025-01-09,STORE3,MED016,Diabetes,14.5
2025-01-10,STORE3,MED016,Diabetes,14.5
2025-01-11,STORE3,MED016,Diabetes,11.2
2025-01-12,STORE3,MED016,Diabetes,11.1
2025-01-13,STORE3,MED016,Diabetes,14.5
2025-01-14,STORE3,MED016,Diabetes,14.5
2025-01-15,STORE3,MED016,Diabetes,14.5
2025-01-16,STORE3,MED016,Diabetes,14.5
2025-01-17,STORE3,MED016,Diabetes,14.5
2025-01-18,STORE3,MED016,Diabetes,11.2
2025-01-19,STORE3,MED016,Diabetes,11.1
2025-01-20,STORE3,MED016,Diabetes,14.5
2025-01-21,STORE3,MED016,Diabetes,14.5
2025-01-22,STORE3,MED016,Diabetes,14.5
2025-01-23,STORE3,MED016,Diabetes,14.5
2025-01-24,STORE3,MED016,Diabetes,14.5
2025-01-25,STORE3,MED016,Diabetes,11.2
2025-01-26,STORE3,MED016,Diabetes,11.1
2025-01-27,STORE3,MED016,Diabetes,14.5
2025-01-28,STORE3,MED016,Diabetes,14.5
2025-01-29,STORE3,MED016,Diabetes,14.5
2025-01-30,STORE3,MED016,Diabetes,14.5
2025-01-01,STORE3,MED017,Antacids,14.6
2025-01-02,STORE3,MED017,Antacids,14.7
2025-01-03,STORE3,MED017,Antacids,14.6
2025-01-04,STORE3,MED017,Antacids,11.1
2025-01-05,STORE3,MED017,Antacids,11.0
2025-01-06,STORE3,MED017,Antacids,14.7
2025-01-07,STORE3,MED017,Antacids,14.7
2025-01-08,STORE3,MED017,Antacids,14.6
2025-01-09,STORE3,MED017,Antacids,14.7
2025-01-10,STORE3,MED017,Antacids,14.6
2025-01-11,STORE3,MED017,Antacids,11.1
2025-01-12,STORE3,MED017,Antacids,11.1
2025-01-13,STORE3,MED017,Antacids,14.7
2025-01-14,STORE3,MED017,Antacids,14.7
2025-01-15,STORE3,MED017,Antacids,14.6
2025-01-16,STORE3,MED017,Antacids,14.7
2025-01-17,STORE3,MED017,Antacids,14.6
2025-01-18,STORE3,MED017,Antacids,11.1
2025-01-19,STORE3,MED017,Antacids,11.1
2025-01-20,STORE3,MED017,Antacids,14.7
2025-01-21,STORE3,MED017,Antacids,14.7
2025-01-22,STORE3,MED017,Antacids,14.6
2025-01-23,STORE3,MED017,Antacids,14.7
2025-01-24,STORE3,MED017,Antacids,14.6
2025-01-25,STORE3,MED017,Antacids,11.1
2025-01-26,STORE3,MED017,Antacids,11.1
2025-01-27,STORE3,MED017,Antacids,14.7
2025-01-28,STORE3,MED017,Antacids,14.7
2025-01-29,STORE3,MED017,Antacids,14.6
2025-01-30,STORE3,MED017,Antacids,14.7
2025-01-01,STORE3,MED018,Antacids,14.5
2025-01-02,STORE3,MED018,Antacids,14.7
2025-01-03,STORE3,MED018,Antacids,14.6
2025-01-04,STORE3,MED018,Antacids,11.1
2025-01-05,STORE3,MED018,Antacids,11.1
2025-01-06,STORE3,MED018,Antacids,14.6
2025-01-07,STORE3,MED018,Antacids,14.8
2025-01-08,STORE3,MED018,Antacids,14.7
2025-01-09,STORE3,MED018,Antacids,14.7
2025-01-10,STORE3,MED018,Antacids,14.7
2025-01-11,STORE3,MED018,Antacids,11.1
2025-01-12,STORE3,MED018,Antacids,11.2
2025-01-13,STORE3,MED018,Antacids,14.7
2025-01-14,STORE3,MED018,Antacids,14.7
2025-01-15,STORE3,MED018,Antacids,14.7
2025-01-16,STORE3,MED018,Antacids,14.7
2025-01-17,STORE3,MED018,Antacids,14.7
2025-01-18,STORE3,MED018,Antacids,11.1
2025-01-19,STORE3,MED018,Antacids,11.2
2025-01-20,STORE3,MED018,Antacids,14.7
2025-01-21,STORE3,MED018,Antacids,14.7
2025-01-22,STORE3,MED018,Antacids,14.7
2025-01-23,STORE3,MED018,Antacids,14.7
2025-01-24,STORE3,MED018,Antacids,14.7
2025-01-25,STORE3,MED018,Antacids,11.1
2025-01-26,STORE3,MED018,Antacids,11.2
2025-01-27,STORE3,MED018,Antacids,14.7
2025-01-28,STORE3,MED018,Antacids,14.7
2025-01-29,STORE3,MED018,Antacids,14.7
2025-01-30,STORE3,MED018,Antacids,14.7
2025-01-01,STORE3,MED019,Painkillers,14.6
2025-01-02,STORE3,MED019,Painkillers,14.5
2025-01-03,STORE3,MED019,Painkillers,14.5
2025-01-04,STORE3,MED019,Painkillers,11.3
2025-01-05,STORE3,MED019,Painkillers,11.1
2025-01-06,STORE3,MED019,Painkillers,14.6
2025-01-07,STORE3,MED019,Painkillers,14.6
2025-01-08,STORE3,MED019,Painkillers,14.6
2025-01-09,STORE3,MED019,Painkillers,14.5
2025-01-10,STORE3,MED019,Painkillers,14.6
2025-01-11,STORE3,MED019,Painkillers,11.2
2025-01-12,STORE3,MED019,Painkillers,11.0
2025-01-13,STORE3,MED019,Painkillers,14.6
2025-01-14,STORE3,MED019,Painkillers,14.6
2025-01-15,STORE3,MED019,Painkillers,14.6
2025-01-16,STORE3,MED019,Painkillers,14.5
2025-01-17,STORE3,MED019,Painkillers,14.6
2025-01-18,STORE3,MED019,Painkillers,11.2
2025-01-19,STORE3,MED019,Painkillers,11.0
2025-01-20,STORE3,MED019,Painkillers,14.6
2025-01-21,STORE3,MED019,Painkillers,14.6
2025-01-22,STORE3,MED019,Painkillers,14.6
2025-01-23,STORE3,MED019,Painkillers,14.5
2025-01-24,STORE3,MED019,Painkillers,14.6
2025-01-25,STORE3,MED019,Painkillers,11.2
2025-01-26,STORE3,MED019,Painkillers,11.0
2025-01-27,STORE3,MED019,Painkillers,14.6
2025-01-28,STORE3,MED019,Painkillers,14.6
2025-01-29,STORE3,MED019,Painkillers,14.6
2025-01-30,STORE3,MED019,Painkillers,14.5
2025-01-01,STORE3,MED020,Diabetes,14.5
2025-01-02,STORE3,MED020,Diabetes,14.6
2025-01-03,STORE3,MED020,Diabetes,14.5
2025-01-04,STORE3,MED020,Diabetes,11.2
2025-01-05,STORE3,MED020,Diabetes,11.1
2025-01-06,STORE3,MED020,Diabetes,14.6
2025-01-07,STORE3,MED020,Diabetes,14.7
2025-01-08,STORE3,MED020,Diabetes,14.6
2025-01-09,STORE3,MED020,Diabetes,14.6
2025-01-10,STORE3,MED020,Diabetes,14.6
2025-01-11,STORE3,MED020,Diabetes,11.2
2025-01-12,STORE3,MED020,Diabetes,11.2
2025-01-13,STORE3,MED020,Diabetes,14.6
2025-01-14,STORE3,MED020,Diabetes,14.6
2025-01-15,STORE3,MED020,Diabetes,14.6
2025-01-16,STORE3,MED020,Diabetes,14.6
2025-01-17,STORE3,MED020,Diabetes,14.6
2025-01-18,STORE3,MED020,Diabetes,11.2
2025-01-19,STORE3,MED020,Diabetes,11.1
2025-01-20,STORE3,MED020,Diabetes,14.6
2025-01-21,STORE3,MED020,Diabetes,14.6
2025-01-22,STORE3,MED020,Diabetes,14.6
2025-01-23,STORE3,MED020,Diabetes,14.6
2025-01-24,STORE3,MED020,Diabetes,14.6
2025-01-25,STORE3,MED020,Diabetes,11.2
2025-01-26,STORE3,MED020,Diabetes,11.1
2025-01-27,STORE3,MED020,Diabetes,14.6
2025-01-28,STORE3,MED020,Diabetes,14.6
2025-01-29,STORE3,MED020,Diabetes,14.6
2025-01-30,STORE3,MED020,Diabetes,14.6
2025-01-01,STORE4,MED001,Diabetes,14.6
2025-01-02,STORE4,MED001,Diabetes,14.6
2025-01-03,STORE4,MED001,Diabetes,14.5
2025-01-04,STORE4,MED001,Diabetes,11.0
2025-01-05,STORE4,MED001,Diabetes,11.0
2025-01-06,STORE4,MED001,Diabetes,14.7
2025-01-07,STORE4,MED001,Diabetes,14.6
2025-01-08,STORE4,MED001,Diabetes,14.6
2025-01-09,STORE4,MED001,Diabetes,14.7
2025-01-10,STORE4,MED001,Diabetes,14.6
2025-01-11,STORE4,MED001,Diabetes,11.0
2025-01-12,STORE4,MED001,Diabetes,11.0
2025-01-13,STORE4,MED001,Diabetes,14.7
2025-01-14,STORE4,MED001,Diabetes,14.6
2025-01-15,STORE4,MED001,Diabetes,14.6
2025-01-16,STORE4,MED001,Diabetes,14.7
2025-01-17,STORE4,MED001,Diabetes,14.6
2025-01-18,STORE4,MED001,Diabetes,11.0
2025-01-19,STORE4,MED001,Diabetes,11.0
2025-01-20,STORE4,MED001,Diabetes,14.7
2025-01-21,STORE4,MED001,Diabetes,14.6
2025-01-22,STORE4,MED001,Diabetes,14.6
2025-01-23,STORE4,MED001,Diabetes,14.7
2025-01-24,STORE4,MED001,Diabetes,14.6
2025-01-25,STORE4,MED001,Diabetes,11.0
2025-01-26,STORE4,MED001,Diabetes,11.0
2025-01-27,STORE4,MED001,Diabetes,14.7
2025-01-28,STORE4,MED001,Diabetes,14.6
2025-01-29,STORE4,MED001,Diabetes,14.6
2025-01-30,STORE4,MED001,Diabetes,14.7
2025-01-01,STORE4,MED002,Cardiac,14.7
2025-01-02,STORE4,MED002,Cardiac,14.6
2025-01-03,STORE4,MED002,Cardiac,14.6
2025-01-04,STORE4,MED002,Cardiac,11.0
2025-01-05,STORE4,MED002,Cardiac,11.2
2025-01-06,STORE4,MED002,Cardiac,14.6
2025-01-07,STORE4,MED002,Cardiac,14.6
2025-01-08,STORE4,MED002,Cardiac,14.6
2025-01-09,STORE4,MED002,Cardiac,14.6
2025-01-10,STORE4,MED002,Cardiac,14.6
2025-01-11,STORE4,MED002,Cardiac,11.1
2025-01-12,STORE4,MED002,Cardiac,11.2
2025-01-13,STORE4,MED002,Cardiac,14.6
2025-01-14,STORE4,MED002,Cardiac,14.6
2025-01-15,STORE4,MED002,Cardiac,14.6
2025-01-16,STORE4,MED002,Cardiac,14.6
2025-01-17,STORE4,MED002,Cardiac,14.6
2025-01-18,STORE4,MED002,Cardiac,11.1
2025-01-19,STORE4,MED002,Cardiac,11.2
2025-01-20,STORE4,MED002,Cardiac,14.6
2025-01-21,STORE4,MED002,Cardiac,14.6
2025-01-22,STORE4,MED002,Cardiac,14.6
2025-01-23,STORE4,MED002,Cardiac,14.6
2025-01-24,STORE4,MED002,Cardiac,14.6
2025-01-25,STORE4,MED002,Cardiac,11.1
2025-01-26,STORE4,MED002,Cardiac,11.2
2025-01-27,STORE4,MED002,Cardiac,14.6
2025-01-28,STORE4,MED002,Cardiac,14.6
2025-01-29,STORE4,MED002,Cardiac,14.6
2025-01-30,STORE4,MED002,Cardiac,14.6
2025-01-01,STORE4,MED003,Vitamins,23.0
2025-01-02,STORE4,MED003,Vitamins,23.1
2025-01-03,STORE4,MED003,Vitamins,22.6
2025-01-04,STORE4,MED003,Vitamins,16.9
2025-01-05,STORE4,MED003,Vitamins,17.4
2025-01-06,STORE4,MED003,Vitamins,22.5
2025-01-07,STORE4,MED003,Vitamins,23.2
2025-01-08,STORE4,MED003,Vitamins,22.9
2025-01-09,STORE4,MED003,Vitamins,22.9
2025-01-10,STORE4,MED003,Vitamins,22.7
2025-01-11,STORE4,MED003,Vitamins,17.9
2025-01-12,STORE4,MED003,Vitamins,17.3
2025-01-13,STORE4,MED003,Vitamins,22.8
2025-01-14,STORE4,MED003,Vitamins,23.0
2025-01-15,STORE4,MED003,Vitamins,22.9
2025-01-16,STORE4,MED003,Vitamins,22.9
2025-01-17,STORE4,MED003,Vitamins,22.7
2025-01-18,STORE4,MED003,Vitamins,17.5
2025-01-19,STORE4,MED003,Vitamins,17.5
2025-01-20,STORE4,MED003,Vitamins,22.8
2025-01-21,STORE4,MED003,Vitamins,23.0
2025-01-22,STORE4,MED003,Vitamins,22.9
2025-01-23,STORE4,MED003,Vitamins,22.9
2025-01-24,STORE4,MED003,Vitamins,22.7
2025-01-25,STORE4,MED003,Vitamins,17.5
2025-01-26,STORE4,MED003,Vitamins,17.5
2025-01-27,STORE4,MED003,Vitamins,22.8
2025-01-28,STORE4,MED003,Vitamins,23.0
2025-01-29,STORE4,MED003,Vitamins,22.9
2025-01-30,STORE4,MED003,Vitamins,22.9
2025-01-01,STORE4,MED004,Cardiac,14.5
2025-01-02,STORE4,MED004,Cardiac,14.7
2025-01-03,STORE4,MED004,Cardiac,14.5
2025-01-04,STORE4,MED004,Cardiac,11.1
2025-01-05,STORE4,MED004,Cardiac,11.2
2025-01-06,STORE4,MED004,Cardiac,14.6
2025-01-07,STORE4,MED004,Cardiac,14.6
2025-01-08,STORE4,MED004,Cardiac,14.6
2025-01-09,STORE4,MED004,Cardiac,14.6
2025-01-10,STORE4,MED004,Cardiac,14.6
2025-01-11,STORE4,MED004,Cardiac,11.1
2025-01-12,STORE4,MED004,Cardiac,11.2
2025-01-13,STORE4,MED004,Cardiac,14.6
2025-01-14,STORE4,MED004,Cardiac,14.6
2025-01-15,STORE4,MED004,Cardiac,14.6
2025-01-16,STORE4,MED004,Cardiac,14.6
2025-01-17,STORE4,MED004,Cardiac,14.6
2025-01-18,STORE4,MED004,Cardiac,11.1
2025-01-19,STORE4,MED004,Cardiac,11.2
2025-01-20,STORE4,MED004,Cardiac,14.6
2025-01-21,STORE4,MED004,Cardiac,14.6
2025-01-22,STORE4,MED004,Cardiac,14.6
2025-01-23,STORE4,MED004,Cardiac,14.6
2025-01-24,STORE4,MED004,Cardiac,14.6
2025-01-25,STORE4,MED004,Cardiac,11.1
2025-01-26,STORE4,MED004,Cardiac,11.2
2025-01-27,STORE4,MED004,Cardiac,14.6
2025-01-28,STORE4,MED004,Cardiac,14.6
2025-01-29,STORE4,MED004,Cardiac,14.6
2025-01-30,STORE4,MED004,Cardiac,14.6
2025-01-01,STORE4,MED005,Cardiac,14.5
2025-01-02,STORE4,MED005,Cardiac,14.6
2025-01-03,STORE4,MED005,Cardiac,14.6
2025-01-04,STORE4,MED005,Cardiac,11.0
2025-01-05,STORE4,MED005,Cardiac,11.1
2025-01-06,STORE4,MED005,Cardiac,14.7
2025-01-07,STORE4,MED005,Cardiac,14.6
2025-01-08,STORE4,MED005,Cardiac,14.6
2025-01-09,STORE4,MED005,Cardiac,14.6
2025-01-10,STORE4,MED005,Cardiac,14.6
2025-01-11,STORE4,MED005,Cardiac,11.0
2025-01-12,STORE4,MED005,Cardiac,11.0
2025-01-13,STORE4,MED005,Cardiac,14.7
2025-01-14,STORE4,MED005,Cardiac,14.6
2025-01-15,STORE4,MED005,Cardiac,14.6
2025-01-16,STORE4,MED005,Cardiac,14.6
2025-01-17,STORE4,MED005,Cardiac,14.6
2025-01-18,STORE4,MED005,Cardiac,11.0
2025-01-19,STORE4,MED005,Cardiac,11.0
2025-01-20,STORE4,MED005,Cardiac,14.7
2025-01-21,STORE4,MED005,Cardiac,14.6
2025-01-22,STORE4,MED005,Cardiac,14.6
2025-01-23,STORE4,MED005,Cardiac,14.6
2025-01-24,STORE4,MED005,Cardiac,14.6
2025-01-25,STORE4,MED005,Cardiac,11.0
2025-01-26,STORE4,MED005,Cardiac,11.0
2025-01-27,STORE4,MED005,Cardiac,14.7
2025-01-28,STORE4,MED005,Cardiac,14.6
2025-01-29,STORE4,MED005,Cardiac,14.6
2025-01-30,STORE4,MED005,Cardiac,14.6
2025-01-01,STORE4,MED006,Painkillers,14.6
2025-01-02,STORE4,MED006,Painkillers,14.6
2025-01-03,STORE4,MED006,Painkillers,14.5
2025-01-04,STORE4,MED006,Painkillers,11.0
2025-01-05,STORE4,MED006,Painkillers,11.0
2025-01-06,STORE4,MED006,Painkillers,14.6
2025-01-07,STORE4,MED006,Painkillers,14.6
2025-01-08,STORE4,MED006,Painkillers,14.6
2025-01-09,STORE4,MED006,Painkillers,14.5
2025-01-10,STORE4,MED006,Painkillers,14.6
2025-01-11,STORE4,MED006,Painkillers,11.1
2025-01-12,STORE4,MED006,Painkillers,11.0
2025-01-13,STORE4,MED006,Painkillers,14.6
2025-01-14,STORE4,MED006,Painkillers,14.6
2025-01-15,STORE4,MED006,Painkillers,14.6
2025-01-16,STORE4,MED006,Painkillers,14.5
2025-01-17,STORE4,MED006,Painkillers,14.6
2025-01-18,STORE4,MED006,Painkillers,11.1
2025-01-19,STORE4,MED006,Painkillers,11.0
2025-01-20,STORE4,MED006,Painkillers,14.6
2025-01-21,STORE4,MED006,Painkillers,14.6
2025-01-22,STORE4,MED006,Painkillers,14.6
2025-01-23,STORE4,MED006,Painkillers,14.5
2025-01-24,STORE4,MED006,Painkillers,14.6
2025-01-25,STORE4,MED006,Painkillers,11.1
2025-01-26,STORE4,MED006,Painkillers,11.0
2025-01-27,STORE4,MED006,Painkillers,14.6
2025-01-28,STORE4,MED006,Painkillers,14.6
2025-01-29,STORE4,MED006,Painkillers,14.6
2025-01-30,STORE4,MED006,Painkillers,14.5
2025-01-01,STORE4,MED007,Vitamins,22.6
2025-01-02,STORE4,MED007,Vitamins,22.2
2025-01-03,STORE4,MED007,Vitamins,22.4
2025-01-04,STORE4,MED007,Vitamins,16.8
2025-01-05,STORE4,MED007,Vitamins,17.6
2025-01-06,STORE4,MED007,Vitamins,22.5
2025-01-07,STORE4,MED007,Vitamins,22.5
2025-01-08,STORE4,MED007,Vitamins,22.8
2025-01-09,STORE4,MED007,Vitamins,22.9
2025-01-10,STORE4,MED007,Vitamins,22.8
2025-01-11,STORE4,MED007,Vitamins,17.7
2025-01-12,STORE4,MED007,Vitamins,16.6
2025-01-13,STORE4,MED007,Vitamins,22.8
2025-01-14,STORE4,MED007,Vitamins,23.3
2025-01-15,STORE4,MED007,Vitamins,22.8
2025-01-16,STORE4,MED007,Vitamins,22.8
2025-01-17,STORE4,MED007,Vitamins,22.6
2025-01-18,STORE4,MED007,Vitamins,17.1
2025-01-19,STORE4,MED007,Vitamins,17.1
2025-01-20,STORE4,MED007,Vitamins,22.8
2025-01-21,STORE4,MED007,Vitamins,23.1
2025-01-22,STORE4,MED007,Vitamins,22.8
2025-01-23,STORE4,MED007,Vitamins,22.7
2025-01-24,STORE4,MED007,Vitamins,22.6
2025-01-25,STORE4,MED007,Vitamins,17.6
2025-01-26,STORE4,MED007,Vitamins,16.5
2025-01-27,STORE4,MED007,Vitamins,23.2
2025-01-28,STORE4,MED007,Vitamins,23.2
2025-01-29,STORE4,MED007,Vitamins,22.8
2025-01-30,STORE4,MED007,Vitamins,22.8
2025-01-01,STORE4,MED008,Vitamins,21.7
2025-01-02,STORE4,MED008,Vitamins,25.4
2025-01-03,STORE4,MED008,Vitamins,21.0
2025-01-04,STORE4,MED008,Vitamins,16.6
2025-01-05,STORE4,MED008,Vitamins,15.0
2025-01-06,STORE4,MED008,Vitamins,18.5
2025-01-07,STORE4,MED008,Vitamins,21.2
2025-01-08,STORE4,MED008,Vitamins,23.3
2025-01-09,STORE4,MED008,Vitamins,23.5
2025-01-10,STORE4,MED008,Vitamins,22.6
2025-01-11,STORE4,MED008,Vitamins,18.2
2025-01-12,STORE4,MED008,Vitamins,16.6
2025-01-13,STORE4,MED008,Vitamins,22.3
2025-01-14,STORE4,MED008,Vitamins,23.2
2025-01-15,STORE4,MED008,Vitamins,22.9
2025-01-16,STORE4,MED008,Vitamins,22.9
2025-01-17,STORE4,MED008,Vitamins,22.7
2025-01-18,STORE4,MED008,Vitamins,17.2
2025-01-19,STORE4,MED008,Vitamins,17.4
2025-01-20,STORE4,MED008,Vitamins,22.9
2025-01-21,STORE4,MED008,Vitamins,23.1
2025-01-22,STORE4,MED008,Vitamins,22.9
2025-01-23,STORE4,MED008,Vitamins,22.9
2025-01-24,STORE4,MED008,Vitamins,22.7
2025-01-25,STORE4,MED008,Vitamins,17.3
2025-01-26,STORE4,MED008,Vitamins,16.8
2025-01-27,STORE4,MED008,Vitamins,22.8
2025-01-28,STORE4,MED008,Vitamins,23.1
2025-01-29,STORE4,MED008,Vitamins,22.9
2025-01-30,STORE4,MED008,Vitamins,22.9
2025-01-01,STORE4,MED009,Vitamins,23.9
2025-01-02,STORE4,MED009,Vitamins,22.6
2025-01-03,STORE4,MED009,Vitamins,22.3
2025-01-04,STORE4,MED009,Vitamins,17.1
2025-01-05,STORE4,MED009,Vitamins,17.2
2025-01-06,STORE4,MED009,Vitamins,22.8
2025-01-07,STORE4,MED009,Vitamins,23.3
2025-01-08,STORE4,MED009,Vitamins,22.9
2025-01-09,STORE4,MED009,Vitamins,22.9
2025-01-10,STORE4,MED009,Vitamins,22.9
2025-01-11,STORE4,MED009,Vitamins,17.7
2025-01-12,STORE4,MED009,Vitamins,17.3
2025-01-13,STORE4,MED009,Vitamins,22.8
2025-01-14,STORE4,MED009,Vitamins,23.1
2025-01-15,STORE4,MED009,Vitamins,22.9
2025-01-16,STORE4,MED009,Vitamins,22.9
2025-01-17,STORE4,MED009,Vitamins,22.7
2025-01-18,STORE4,MED009,Vitamins,17.5
2025-01-19,STORE4,MED009,Vitamins,17.4
2025-01-20,STORE4,MED009,Vitamins,22.8
2025-01-21,STORE4,MED009,Vitamins,23.1
2025-01-22,STORE4,MED009,Vitamins,22.9
2025-01-23,STORE4,MED009,Vitamins,22.9
2025-01-24,STORE4,MED009,Vitamins,22.7
2025-01-25,STORE4,MED009,Vitamins,17.5
2025-01-26,STORE4,MED009,Vitamins,17.4
2025-01-27,STORE4,MED009,Vitamins,22.8
2025-01-28,STORE4,MED009,Vitamins,23.1
2025-01-29,STORE4,MED009,Vitamins,22.9
2025-01-30,STORE4,MED009,Vitamins,22.9
2025-01-01,STORE4,MED010,Cardiac,14.6
2025-01-02,STORE4,MED010,Cardiac,14.6
2025-01-03,STORE4,MED010,Cardiac,14.6
2025-01-04,STORE4,MED010,Cardiac,11.1
2025-01-05,STORE4,MED010,Cardiac,11.1
2025-01-06,STORE4,MED010,Cardiac,14.7
2025-01-07,STORE4,MED010,Cardiac,14.6
2025-01-08,STORE4,MED010,Cardiac,14.6
2025-01-09,STORE4,MED010,Cardiac,14.6
2025-01-10,STORE4,MED010,Cardiac,14.6
2025-01-11,STORE4,MED010,Cardiac,11.1
2025-01-12,STORE4,MED010,Cardiac,11.2
2025-01-13,STORE4,MED010,Cardiac,14.7
2025-01-14,STORE4,MED010,Cardiac,14.6
2025-01-15,STORE4,MED010,Cardiac,14.6
2025-01-16,STORE4,MED010,Cardiac,14.6
2025-01-17,STORE4,MED010,Cardiac,14.6
2025-01-18,STORE4,MED010,Cardiac,11.1
2025-01-19,STORE4,MED010,Cardiac,11.2
2025-01-20,STORE4,MED010,Cardiac,14.7
2025-01-21,STORE4,MED010,Cardiac,14.6
2025-01-22,STORE4,MED010,Cardiac,14.6
2025-01-23,STORE4,MED010,Cardiac,14.6
2025-01-24,STORE4,MED010,Cardiac,14.6
2025-01-25,STORE4,MED010,Cardiac,11.1
2025-01-26,STORE4,MED010,Cardiac,11.2
2025-01-27,STORE4,MED010,Cardiac,14.7
2025-01-28,STORE4,MED010,Cardiac,14.6
2025-01-29,STORE4,MED010,Cardiac,14.6
2025-01-30,STORE4,MED010,Cardiac,14.6
2025-01-01,STORE4,MED011,Diabetes,14.3
2025-01-02,STORE4,MED011,Diabetes,14.5
2025-01-03,STORE4,MED011,Diabetes,14.4
2025-01-04,STORE4,MED011,Diabetes,11.0
2025-01-05,STORE4,MED011,Diabetes,11.2
2025-01-06,STORE4,MED011,Diabetes,14.5
2025-01-07,STORE4,MED011,Diabetes,14.5
2025-01-08,STORE4,MED011,Diabetes,14.5
2025-01-09,STORE4,MED011,Diabetes,14.5
2025-01-10,STORE4,MED011,Diabetes,14.5
2025-01-11,STORE4,MED011,Diabetes,11.2
2025-01-12,STORE4,MED011,Diabetes,11.1
2025-01-13,STORE4,MED011,Diabetes,14.5
2025-01-14,STORE4,MED011,Diabetes,14.5
2025-01-15,STORE4,MED011,Diabetes,14.5
2025-01-16,STORE4,MED011,Diabetes,14.5
2025-01-17,STORE4,MED011,Diabetes,14.5
2025-01-18,STORE4,MED011,Diabetes,11.1
2025-01-19,STORE4,MED011,Diabetes,11.1
2025-01-20,STORE4,MED011,Diabetes,14.5
2025-01-21,STORE4,MED011,Diabetes,14.5
2025-01-22,STORE4,MED011,Diabetes,14.5
2025-01-23,STORE4,MED011,Diabetes,14.5
2025-01-24,STORE4,MED011,Diabetes,14.5
2025-01-25,STORE4,MED011,Diabetes,11.1
2025-01-26,STORE4,MED011,Diabetes,11.1
2025-01-27,STORE4,MED011,Diabetes,14.5
2025-01-28,STORE4,MED011,Diabetes,14.5
2025-01-29,STORE4,MED011,Diabetes,14.5
2025-01-30,STORE4,MED011,Diabetes,14.5
2025-01-01,STORE4,MED012,Vitamins,23.5
2025-01-02,STORE4,MED012,Vitamins,22.4
2025-01-03,STORE4,MED012,Vitamins,22.7
2025-01-04,STORE4,MED012,Vitamins,17.9
2025-01-05,STORE4,MED012,Vitamins,16.5
2025-01-06,STORE4,MED012,Vitamins,22.6
2025-01-07,STORE4,MED012,Vitamins,23.0
2025-01-08,STORE4,MED012,Vitamins,22.7
2025-01-09,STORE4,MED012,Vitamins,22.9
2025-01-10,STORE4,MED012,Vitamins,22.5
2025-01-11,STORE4,MED012,Vitamins,17.4
2025-01-12,STORE4,MED012,Vitamins,17.1
2025-01-13,STORE4,MED012,Vitamins,22.6
2025-01-14,STORE4,MED012,Vitamins,23.0
2025-01-15,STORE4,MED012,Vitamins,22.7
2025-01-16,STORE4,MED012,Vitamins,22.7
2025-01-17,STORE4,MED012,Vitamins,22.5
2025-01-18,STORE4,MED012,Vitamins,17.6
2025-01-19,STORE4,MED012,Vitamins,17.0
2025-01-20,STORE4,MED012,Vitamins,22.6
2025-01-21,STORE4,MED012,Vitamins,23.0
2025-01-22,STORE4,MED012,Vitamins,22.7
2025-01-23,STORE4,MED012,Vitamins,22.7
2025-01-24,STORE4,MED012,Vitamins,22.5
2025-01-25,STORE4,MED012,Vitamins,17.4
2025-01-26,STORE4,MED012,Vitamins,17.1
2025-01-27,STORE4,MED012,Vitamins,22.6
2025-01-28,STORE4,MED012,Vitamins,23.0
2025-01-29,STORE4,MED012,Vitamins,22.7
2025-01-30,STORE4,MED012,Vitamins,22.7
2025-01-01,STORE4,MED013,Antacids,14.6
2025-01-02,STORE4,MED013,Antacids,14.6
2025-01-03,STORE4,MED013,Antacids,14.5
2025-01-04,STORE4,MED013,Antacids,11.0
2025-01-05,STORE4,MED013,Antacids,11.2
2025-01-06,STORE4,MED013,Antacids,14.6
2025-01-07,STORE4,MED013,Antacids,14.6
2025-01-08,STORE4,MED013,Antacids,14.6
2025-01-09,STORE4,MED013,Antacids,14.6
2025-01-10,STORE4,MED013,Antacids,14.6
2025-01-11,STORE4,MED013,Antacids,11.2
2025-01-12,STORE4,MED013,Antacids,11.2
2025-01-13,STORE4,MED013,Antacids,14.7
2025-01-14,STORE4,MED013,Antacids,14.6
2025-01-15,STORE4,MED013,Antacids,14.6
2025-01-16,STORE4,MED013,Antacids,14.6
2025-01-17,STORE4,MED013,Antacids,14.6
2025-01-18,STORE4,MED013,Antacids,11.2
2025-01-19,STORE4,MED013,Antacids,11.2
2025-01-20,STORE4,MED013,Antacids,14.7
2025-01-21,STORE4,MED013,Antacids,14.6
2025-01-22,STORE4,MED013,Antacids,14.6
2025-01-23,STORE4,MED013,Antacids,14.6
2025-01-24,STORE4,MED013,Antacids,14.6
2025-01-25,STORE4,MED013,Antacids,11.2
2025-01-26,STORE4,MED013,Antacids,11.2
2025-01-27,STORE4,MED013,Antacids,14.7
2025-01-28,STORE4,MED013,Antacids,14.6
2025-01-29,STORE4,MED013,Antacids,14.6
2025-01-30,STORE4,MED013,Antacids,14.6
2025-01-01,STORE4,MED014,Cardiac,14.5
2025-01-02,STORE4,MED014,Cardiac,14.5
2025-01-03,STORE4,MED014,Cardiac,14.6
2025-01-04,STORE4,MED014,Cardiac,11.1
2025-01-05,STORE4,MED014,Cardiac,11.2
2025-01-06,STORE4,MED014,Cardiac,14.6
2025-01-07,STORE4,MED014,Cardiac,14.5
2025-01-08,STORE4,MED014,Cardiac,14.5
2025-01-09,STORE4,MED014,Cardiac,14.5
2025-01-10,STORE4,MED014,Cardiac,14.5
2025-01-11,STORE4,MED014,Cardiac,11.1
2025-01-12,STORE4,MED014,Cardiac,11.1
2025-01-13,STORE4,MED014,Cardiac,14.6
2025-01-14,STORE4,MED014,Cardiac,14.5
2025-01-15,STORE4,MED014,Cardiac,14.5
2025-01-16,STORE4,MED014,Cardiac,14.5
2025-01-17,STORE4,MED014,Cardiac,14.5
2025-01-18,STORE4,MED014,Cardiac,11.1
2025-01-19,STORE4,MED014,Cardiac,11.1
2025-01-20,STORE4,MED014,Cardiac,14.6
2025-01-21,STORE4,MED014,Cardiac,14.5
2025-01-22,STORE4,MED014,Cardiac,14.5
2025-01-23,STORE4,MED014,Cardiac,14.5
2025-01-24,STORE4,MED014,Cardiac,14.5
2025-01-25,STORE4,MED014,Cardiac,11.1
2025-01-26,STORE4,MED014,Cardiac,11.1
2025-01-27,STORE4,MED014,Cardiac,14.6
2025-01-28,STORE4,MED014,Cardiac,14.5
2025-01-29,STORE4,MED014,Cardiac,14.5
2025-01-30,STORE4,MED014,Cardiac,14.5
2025-01-01,STORE4,MED015,Painkillers,14.3
2025-01-02,STORE4,MED015,Painkillers,14.7
2025-01-03,STORE4,MED015,Painkillers,14.7
2025-01-04,STORE4,MED015,Painkillers,11.4
2025-01-05,STORE4,MED015,Painkillers,11.4
2025-01-06,STORE4,MED015,Painkillers,14.8
2025-01-07,STORE4,MED015,Painkillers,14.6
2025-01-08,STORE4,MED015,Painkillers,14.7
2025-01-09,STORE4,MED015,Painkillers,14.8
2025-01-10,STORE4,MED015,Painkillers,14.7
2025-01-11,STORE4,MED015,Painkillers,11.1
2025-01-12,STORE4,MED015,Painkillers,11.4
2025-01-13,STORE4,MED015,Painkillers,14.7
2025-01-14,STORE4,MED015,Painkillers,14.7
2025-01-15,STORE4,MED015,Painkillers,14.7
2025-01-16,STORE4,MED015,Painkillers,14.8
2025-01-17,STORE4,MED015,Painkillers,14.7
2025-01-18,STORE4,MED015,Painkillers,11.1
2025-01-19,STORE4,MED015,Painkillers,11.4
2025-01-20,STORE4,MED015,Painkillers,14.7
2025-01-21,STORE4,MED015,Painkillers,14.7
2025-01-22,STORE4,MED015,Painkillers,14.7
2025-01-23,STORE4,MED015,Painkillers,14.8
2025-01-24,STORE4,MED015,Painkillers,14.7
2025-01-25,STORE4,MED015,Painkillers,11.1
2025-01-26,STORE4,MED015,Painkillers,11.4
2025-01-27,STORE4,MED015,Painkillers,14.7
2025-01-28,STORE4,MED015,Painkillers,14.7
2025-01-29,STORE4,MED015,Painkillers,14.7
2025-01-30,STORE4,MED015,Painkillers,14.8
2025-01-01,STORE4,MED016,Diabetes,14.5
2025-01-02,STORE4,MED016,Diabetes,14.6
2025-01-03,STORE4,MED016,Diabetes,14.6
2025-01-04,STORE4,MED016,Diabetes,11.1
2025-01-05,STORE4,MED016,Diabetes,11.2
2025-01-06,STORE4,MED016,Diabetes,14.5
2025-01-07,STORE4,MED016,Diabetes,14.5
2025-01-08,STORE4,MED016,Diabetes,14.5
2025-01-09,STORE4,MED016,Diabetes,14.5
2025-01-10,STORE4,MED016,Diabetes,14.5
2025-01-11,STORE4,MED016,Diabetes,11.2
2025-01-12,STORE4,MED016,Diabetes,11.1
2025-01-13,STORE4,MED016,Diabetes,14.5
2025-01-14,STORE4,MED016,Diabetes,14.5
2025-01-15,STORE4,MED016,Diabetes,14.5
2025-01-16,STORE4,MED016,Diabetes,14.5
2025-01-17,STORE4,MED016,Diabetes,14.5
2025-01-18,STORE4,MED016,Diabetes,11.2
2025-01-19,STORE4,MED016,Diabetes,11.1
2025-01-20,STORE4,MED016,Diabetes,14.5
2025-01-21,STORE4,MED016,Diabetes,14.5
2025-01-22,STORE4,MED016,Diabetes,14.5
2025-01-23,STORE4,MED016,Diabetes,14.5
2025-01-24,STORE4,MED016,Diabetes,14.5
2025-01-25,STORE4,MED016,Diabetes,11.2
2025-01-26,STORE4,MED016,Diabetes,11.1
2025-01-27,STORE4,MED016,Diabetes,14.5
2025-01-28,STORE4,MED016,Diabetes,14.5
2025-01-29,STORE4,MED016,Diabetes,14.5
2025-01-30,STORE4,MED016,Diabetes,14.5
2025-01-01,STORE4,MED017,Antacids,14.5
2025-01-02,STORE4,MED017,Antacids,14.7
2025-01-03,STORE4,MED017,Antacids,14.6
2025-01-04,STORE4,MED017,Antacids,11.0
2025-01-05,STORE4,MED017,Antacids,11.1
2025-01-06,STORE4,MED017,Antacids,14.7
2025-01-07,STORE4,MED017,Antacids,14.6
2025-01-08,STORE4,MED017,Antacids,14.7
2025-01-09,STORE4,MED017,Antacids,14.7
2025-01-10,STORE4,MED017,Antacids,14.6
2025-01-11,STORE4,MED017,Antacids,11.1
2025-01-12,STORE4,MED017,Antacids,11.1
2025-01-13,STORE4,MED017,Antacids,14.7
2025-01-14,STORE4,MED017,Antacids,14.7
2025-01-15,STORE4,MED017,Antacids,14.6
2025-01-16,STORE4,MED017,Antacids,14.7
2025-01-17,STORE4,MED017,Antacids,14.6
2025-01-18,STORE4,MED017,Antacids,11.1
2025-01-19,STORE4,MED017,Antacids,11.1
2025-01-20,STORE4,MED017,Antacids,14.7
2025-01-21,STORE4,MED017,Antacids,14.7
2025-01-22,STORE4,MED017,Antacids,14.6
2025-01-23,STORE4,MED017,Antacids,14.7
2025-01-24,STORE4,MED017,Antacids,14.6
2025-01-25,STORE4,MED017,Antacids,11.1
2025-01-26,STORE4,MED017,Antacids,11.1
2025-01-27,STORE4,MED017,Antacids,14.7
2025-01-28,STORE4,MED017,Antacids,14.7
2025-01-29,STORE4,MED017,Antacids,14.6
2025-01-30,STORE4,MED017,Antacids,14.7
2025-01-01,STORE4,MED018,Antacids,14.5
2025-01-02,STORE4,MED018,Antacids,14.6
2025-01-03,STORE4,MED018,Antacids,14.6
2025-01-04,STORE4,MED018,Antacids,10.9
2025-01-05,STORE4,MED018,Antacids,11.1
2025-01-06,STORE4,MED018,Antacids,14.7
2025-01-07,STORE4,MED018,Antacids,14.7
2025-01-08,STORE4,MED018,Antacids,14.7
2025-01-09,STORE4,MED018,Antacids,14.7
2025-01-10,STORE4,MED018,Antacids,14.7
2025-01-11,STORE4,MED018,Antacids,11.1
2025-01-12,STORE4,MED018,Antacids,11.2
2025-01-13,STORE4,MED018,Antacids,14.7
2025-01-14,STORE4,MED018,Antacids,14.7
2025-01-15,STORE4,MED018,Antacids,14.7
2025-01-16,STORE4,MED018,Antacids,14.7
2025-01-17,STORE4,MED018,Antacids,14.7
2025-01-18,STORE4,MED018,Antacids,11.1
2025-01-19,STORE4,MED018,Antacids,11.2
2025-01-20,STORE4,MED018,Antacids,14.7
2025-01-21,STORE4,MED018,Antacids,14.7
2025-01-22,STORE4,MED018,Antacids,14.7
2025-01-23,STORE4,MED018,Antacids,14.7
2025-01-24,STORE4,MED018,Antacids,14.7
2025-01-25,STORE4,MED018,Antacids,11.1
2025-01-26,STORE4,MED018,Antacids,11.2
2025-01-27,STORE4,MED018,Antacids,14.7
2025-01-28,STORE4,MED018,Antacids,14.7
2025-01-29,STORE4,MED018,Antacids,14.7
2025-01-30,STORE4,MED018,Antacids,14.7
2025-01-01,STORE4,MED019,Painkillers,14.5
2025-01-02,STORE4,MED019,Painkillers,14.6
2025-01-03,STORE4,MED019,Painkillers,14.5
2025-01-04,STORE4,MED019,Painkillers,11.1
2025-01-05,STORE4,MED019,Painkillers,11.1
2025-01-06,STORE4,MED019,Painkillers,14.5
2025-01-07,STORE4,MED019,Painkillers,14.5
2025-01-08,STORE4,MED019,Painkillers,14.6
2025-01-09,STORE4,MED019,Painkillers,14.5
2025-01-10,STORE4,MED019,Painkillers,14.6
2025-01-11,STORE4,MED019,Painkillers,11.2
2025-01-12,STORE4,MED019,Painkillers,11.0
2025-01-13,STORE4,MED019,Painkillers,14.6
2025-01-14,STORE4,MED019,Painkillers,14.6
2025-01-15,STORE4,MED019,Painkillers,14.6
2025-01-16,STORE4,MED019,Painkillers,14.5
2025-01-17,STORE4,MED019,Painkillers,14.6
2025-01-18,STORE4,MED019,Painkillers,11.2
2025-01-19,STORE4,MED019,Painkillers,11.0
2025-01-20,STORE4,MED019,Painkillers,14.6
2025-01-21,STORE4,MED019,Painkillers,14.6
2025-01-22,STORE4,MED019,Painkillers,14.6
2025-01-23,STORE4,MED019,Painkillers,14.5
2025-01-24,STORE4,MED019,Painkillers,14.6
2025-01-25,STORE4,MED019,Painkillers,11.2
2025-01-26,STORE4,MED019,Painkillers,11.0
2025-01-27,STORE4,MED019,Painkillers,14.6
2025-01-28,STORE4,MED019,Painkillers,14.6
2025-01-29,STORE4,MED019,Painkillers,14.6
2025-01-30,STORE4,MED019,Painkillers,14.5
2025-01-01,STORE4,MED020,Diabetes,14.5
2025-01-02,STORE4,MED020,Diabetes,14.5
2025-01-03,STORE4,MED020,Diabetes,14.5
2025-01-04,STORE4,MED020,Diabetes,11.1
2025-01-05,STORE4,MED020,Diabetes,11.0
2025-01-06,STORE4,MED020,Diabetes,14.7
2025-01-07,STORE4,MED020,Diabetes,14.6
2025-01-08,STORE4,MED020,Diabetes,14.6
2025-01-09,STORE4,MED020,Diabetes,14.6
2025-01-10,STORE4,MED020,Diabetes,14.6
2025-01-11,STORE4,MED020,Diabetes,11.2
2025-01-12,STORE4,MED020,Diabetes,11.1
2025-01-13,STORE4,MED020,Diabetes,14.6
2025-01-14,STORE4,MED020,Diabetes,14.6
2025-01-15,STORE4,MED020,Diabetes,14.6
2025-01-16,STORE4,MED020,Diabetes,14.6
2025-01-17,STORE4,MED020,Diabetes,14.6
2025-01-18,STORE4,MED020,Diabetes,11.2
2025-01-19,STORE4,MED020,Diabetes,11.1
2025-01-20,STORE4,MED020,Diabetes,14.6
2025-01-21,STORE4,MED020,Diabetes,14.6
2025-01-22,STORE4,MED020,Diabetes,14.6
2025-01-23,STORE4,MED020,Diabetes,14.6
2025-01-24,STORE4,MED020,Diabetes,14.6
2025-01-25,STORE4,MED020,Diabetes,11.2
2025-01-26,STORE4,MED020,Diabetes,11.1
2025-01-27,STORE4,MED020,Diabetes,14.6
2025-01-28,STORE4,MED020,Diabetes,14.6
2025-01-29,STORE4,MED020,Diabetes,14.6
2025-01-30,STORE4,MED020,Diabetes,14.6
2025-01-01,STORE5,MED001,Diabetes,14.5
2025-01-02,STORE5,MED001,Diabetes,14.7
2025-01-03,STORE5,MED001,Diabetes,14.5
2025-01-04,STORE5,MED001,Diabetes,11.0
2025-01-05,STORE5,MED001,Diabetes,10.9
2025-01-06,STORE5,MED001,Diabetes,14.7
2025-01-07,STORE5,MED001,Diabetes,14.6
2025-01-08,STORE5,MED001,Diabetes,14.6
2025-01-09,STORE5,MED001,Diabetes,14.7
2025-01-10,STORE5,MED001,Diabetes,14.6
2025-01-11,STORE5,MED001,Diabetes,11.0
2025-01-12,STORE5,MED001,Diabetes,11.0
2025-01-13,STORE5,MED001,Diabetes,14.7
2025-01-14,STORE5,MED001,Diabetes,14.6
2025-01-15,STORE5,MED001,Diabetes,14.6
2025-01-16,STORE5,MED001,Diabetes,14.7
2025-01-17,STORE5,MED001,Diabetes,14.6
2025-01-18,STORE5,MED001,Diabetes,11.0
2025-01-19,STORE5,MED001,Diabetes,11.0
2025-01-20,STORE5,MED001,Diabetes,14.7
2025-01-21,STORE5,MED001,Diabetes,14.6
2025-01-22,STORE5,MED001,Diabetes,14.6
2025-01-23,STORE5,MED001,Diabetes,14.7
2025-01-24,STORE5,MED001,Diabetes,14.6
2025-01-25,STORE5,MED001,Diabetes,11.0
2025-01-26,STORE5,MED001,Diabetes,11.0
2025-01-27,STORE5,MED001,Diabetes,14.7
2025-01-28,STORE5,MED001,Diabetes,14.6
2025-01-29,STORE5,MED001,Diabetes,14.6
2025-01-30,STORE5,MED001,Diabetes,14.7
2025-01-01,STORE5,MED002,Cardiac,14.6
2025-01-02,STORE5,MED002,Cardiac,14.6
2025-01-03,STORE5,MED002,Cardiac,14.6
2025-01-04,STORE5,MED002,Cardiac,11.1
2025-01-05,STORE5,MED002,Cardiac,11.1
2025-01-06,STORE5,MED002,Cardiac,14.6
2025-01-07,STORE5,MED002,Cardiac,14.6
2025-01-08,STORE5,MED002,Cardiac,14.6
2025-01-09,STORE5,MED002,Cardiac,14.6
2025-01-10,STORE5,MED002,Cardiac,14.6
2025-01-11,STORE5,MED002,Cardiac,11.1
2025-01-12,STORE5,MED002,Cardiac,11.1
2025-01-13,STORE5,MED002,Cardiac,14.6
2025-01-14,STORE5,MED002,Cardiac,14.6
2025-01-15,STORE5,MED002,Cardiac,14.6
2025-01-16,STORE5,MED002,Cardiac,14.6
2025-01-17,STORE5,MED002,Cardiac,14.6
2025-01-18,STORE5,MED002,Cardiac,11.1
2025-01-19,STORE5,MED002,Cardiac,11.1
2025-01-20,STORE5,MED002,Cardiac,14.6
2025-01-21,STORE5,MED002,Cardiac,14.6
2025-01-22,STORE5,MED002,Cardiac,14.6
2025-01-23,STORE5,MED002,Cardiac,14.6
2025-01-24,STORE5,MED002,Cardiac,14.6
2025-01-25,STORE5,MED002,Cardiac,11.1
2025-01-26,STORE5,MED002,Cardiac,11.1
2025-01-27,STORE5,MED002,Cardiac,14.6
2025-01-28,STORE5,MED002,Cardiac,14.6
2025-01-29,STORE5,MED002,Cardiac,14.6
2025-01-30,STORE5,MED002,Cardiac,14.6
2025-01-01,STORE5,MED003,Vitamins,23.5
2025-01-02,STORE5,MED003,Vitamins,22.8
2025-01-03,STORE5,MED003,Vitamins,22.6
2025-01-04,STORE5,MED003,Vitamins,17.1
2025-01-05,STORE5,MED003,Vitamins,18.0
2025-01-06,STORE5,MED003,Vitamins,22.6
2025-01-07,STORE5,MED003,Vitamins,22.7
2025-01-08,STORE5,MED003,Vitamins,22.9
2025-01-09,STORE5,MED003,Vitamins,22.9
2025-01-10,STORE5,MED003,Vitamins,22.7
2025-01-11,STORE5,MED003,Vitamins,17.8
2025-01-12,STORE5,MED003,Vitamins,17.4
2025-01-13,STORE5,MED003,Vitamins,22.8
2025-01-14,STORE5,MED003,Vitamins,23.0
2025-01-15,STORE5,MED003,Vitamins,22.9
2025-01-16,STORE5,MED003,Vitamins,22.9
2025-01-17,STORE5,MED003,Vitamins,22.7
2025-01-18,STORE5,MED003,Vitamins,17.5
2025-01-19,STORE5,MED003,Vitamins,17.5
2025-01-20,STORE5,MED003,Vitamins,22.8
2025-01-21,STORE5,MED003,Vitamins,23.0
2025-01-22,STORE5,MED003,Vitamins,22.9
2025-01-23,STORE5,MED003,Vitamins,22.9
2025-01-24,STORE5,MED003,Vitamins,22.7
2025-01-25,STORE5,MED003,Vitamins,17.5
2025-01-26,STORE5,MED003,Vitamins,17.5
2025-01-27,STORE5,MED003,Vitamins,22.8
2025-01-28,STORE5,MED003,Vitamins,23.0
2025-01-29,STORE5,MED003,Vitamins,22.9
2025-01-30,STORE5,MED003,Vitamins,22.9
2025-01-01,STORE5,MED004,Cardiac,14.5
2025-01-02,STORE5,MED004,Cardiac,14.6
2025-01-03,STORE5,MED004,Cardiac,14.6
2025-01-04,STORE5,MED004,Cardiac,11.1
2025-01-05,STORE5,MED004,Cardiac,11.1
2025-01-06,STORE5,MED004,Cardiac,14.7
2025-01-07,STORE5,MED004,Cardiac,14.5
2025-01-08,STORE5,MED004,Cardiac,14.6
2025-01-09,STORE5,MED004,Cardiac,14.6
2025-01-10,STORE5,MED004,Cardiac,14.6
2025-01-11,STORE5,MED004,Cardiac,11.1
2025-01-12,STORE5,MED004,Cardiac,11.1
2025-01-13,STORE5,MED004,Cardiac,14.6
2025-01-14,STORE5,MED004,Cardiac,14.6
2025-01-15,STORE5,MED004,Cardiac,14.6
2025-01-16,STORE5,MED004,Cardiac,14.6
2025-01-17,STORE5,MED004,Cardiac,14.6
2025-01-18,STORE5,MED004,Cardiac,11.1
2025-01-19,STORE5,MED004,Cardiac,11.1
2025-01-20,STORE5,MED004,Cardiac,14.6
2025-01-21,STORE5,MED004,Cardiac,14.6
2025-01-22,STORE5,MED004,Cardiac,14.6
2025-01-23,STORE5,MED004,Cardiac,14.6
2025-01-24,STORE5,MED004,Cardiac,14.6
2025-01-25,STORE5,MED004,Cardiac,11.1
2025-01-26,STORE5,MED004,Cardiac,11.1
2025-01-27,STORE5,MED004,Cardiac,14.6
2025-01-28,STORE5,MED004,Cardiac,14.6
2025-01-29,STORE5,MED004,Cardiac,14.6
2025-01-30,STORE5,MED004,Cardiac,14.6
2025-01-01,STORE5,MED005,Cardiac,14.5
2025-01-02,STORE5,MED005,Cardiac,14.8
2025-01-03,STORE5,MED005,Cardiac,14.5
2025-01-04,STORE5,MED005,Cardiac,10.9
2025-01-05,STORE5,MED005,Cardiac,11.1
2025-01-06,STORE5,MED005,Cardiac,14.7
2025-01-07,STORE5,MED005,Cardiac,14.5
2025-01-08,STORE5,MED005,Cardiac,14.6
2025-01-09,STORE5,MED005,Cardiac,14.6
2025-01-10,STORE5,MED005,Cardiac,14.6
2025-01-11,STORE5,MED005,Cardiac,11.0
2025-01-12,STORE5,MED005,Cardiac,11.0
2025-01-13,STORE5,MED005,Cardiac,14.7
2025-01-14,STORE5,MED005,Cardiac,14.6
2025-01-15,STORE5,MED005,Cardiac,14.6
2025-01-16,STORE5,MED005,Cardiac,14.6
2025-01-17,STORE5,MED005,Cardiac,14.6
2025-01-18,STORE5,MED005,Cardiac,11.0
2025-01-19,STORE5,MED005,Cardiac,11.0
2025-01-20,STORE5,MED005,Cardiac,14.7
2025-01-21,STORE5,MED005,Cardiac,14.6
2025-01-22,STORE5,MED005,Cardiac,14.6
2025-01-23,STORE5,MED005,Cardiac,14.6
2025-01-24,STORE5,MED005,Cardiac,14.6
2025-01-25,STORE5,MED005,Cardiac,11.0
2025-01-26,STORE5,MED005,Cardiac,11.0
2025-01-27,STORE5,MED005,Cardiac,14.7
2025-01-28,STORE5,MED005,Cardiac,14.6
2025-01-29,STORE5,MED005,Cardiac,14.6
2025-01-30,STORE5,MED005,Cardiac,14.6
2025-01-01,STORE5,MED006,Painkillers,14.5
2025-01-02,STORE5,MED006,Painkillers,14.6
2025-01-03,STORE5,MED006,Painkillers,14.6
2025-01-04,STORE5,MED006,Painkillers,11.0
2025-01-05,STORE5,MED006,Painkillers,11.1
2025-01-06,STORE5,MED006,Painkillers,14.6
2025-01-07,STORE5,MED006,Painkillers,14.5
2025-01-08,STORE5,MED006,Painkillers,14.6
2025-01-09,STORE5,MED006,Painkillers,14.5
2025-01-10,STORE5,MED006,Painkillers,14.6
2025-01-11,STORE5,MED006,Painkillers,11.1
2025-01-12,STORE5,MED006,Painkillers,11.0
2025-01-13,STORE5,MED006,Painkillers,14.6
2025-01-14,STORE5,MED006,Painkillers,14.6
2025-01-15,STORE5,MED006,Painkillers,14.6
2025-01-16,STORE5,MED006,Painkillers,14.5
2025-01-17,STORE5,MED006,Painkillers,14.6
2025-01-18,STORE5,MED006,Painkillers,11.1
2025-01-19,STORE5,MED006,Painkillers,11.0
2025-01-20,STORE5,MED006,Painkillers,14.6
2025-01-21,STORE5,MED006,Painkillers,14.6
2025-01-22,STORE5,MED006,Painkillers,14.6
2025-01-23,STORE5,MED006,Painkillers,14.5
2025-01-24,STORE5,MED006,Painkillers,14.6
2025-01-25,STORE5,MED006,Painkillers,11.1
2025-01-26,STORE5,MED006,Painkillers,11.0
2025-01-27,STORE5,MED006,Painkillers,14.6
2025-01-28,STORE5,MED006,Painkillers,14.6
2025-01-29,STORE5,MED006,Painkillers,14.6
2025-01-30,STORE5,MED006,Painkillers,14.5
2025-01-01,STORE5,MED007,Vitamins,22.2
2025-01-02,STORE5,MED007,Vitamins,22.7
2025-01-03,STORE5,MED007,Vitamins,22.4
2025-01-04,STORE5,MED007,Vitamins,16.8
2025-01-05,STORE5,MED007,Vitamins,17.0
2025-01-06,STORE5,MED007,Vitamins,22.5
2025-01-07,STORE5,MED007,Vitamins,23.0
2025-01-08,STORE5,MED007,Vitamins,23.0
2025-01-09,STORE5,MED007,Vitamins,22.8
2025-01-10,STORE5,MED007,Vitamins,22.8
2025-01-11,STORE5,MED007,Vitamins,17.7
2025-01-12,STORE5,MED007,Vitamins,16.5
2025-01-13,STORE5,MED007,Vitamins,23.4
2025-01-14,STORE5,MED007,Vitamins,23.2
2025-01-15,STORE5,MED007,Vitamins,22.8
2025-01-16,STORE5,MED007,Vitamins,22.8
2025-01-17,STORE5,MED007,Vitamins,22.6
2025-01-18,STORE5,MED007,Vitamins,17.0
2025-01-19,STORE5,MED007,Vitamins,16.1
2025-01-20,STORE5,MED007,Vitamins,23.2
2025-01-21,STORE5,MED007,Vitamins,23.1
2025-01-22,STORE5,MED007,Vitamins,22.8
2025-01-23,STORE5,MED007,Vitamins,22.8
2025-01-24,STORE5,MED007,Vitamins,22.6
2025-01-25,STORE5,MED007,Vitamins,17.7
2025-01-26,STORE5,MED007,Vitamins,16.0
2025-01-27,STORE5,MED007,Vitamins,23.2
2025-01-28,STORE5,MED007,Vitamins,23.1
2025-01-29,STORE5,MED007,Vitamins,22.8
2025-01-30,STORE5,MED007,Vitamins,22.7
2025-01-01,STORE5,MED008,Vitamins,23.2
2025-01-02,STORE5,MED008,Vitamins,22.8
2025-01-03,STORE5,MED008,Vitamins,22.9
2025-01-04,STORE5,MED008,Vitamins,17.2
2025-01-05,STORE5,MED008,Vitamins,16.3
2025-01-06,STORE5,MED008,Vitamins,22.9
2025-01-07,STORE5,MED008,Vitamins,22.6
2025-01-08,STORE5,MED008,Vitamins,22.9
2025-01-09,STORE5,MED008,Vitamins,22.9
2025-01-10,STORE5,MED008,Vitamins,22.7
2025-01-11,STORE5,MED008,Vitamins,18.0
2025-01-12,STORE5,MED008,Vitamins,16.3
2025-01-13,STORE5,MED008,Vitamins,23.0
2025-01-14,STORE5,MED008,Vitamins,23.1
2025-01-15,STORE5,MED008,Vitamins,22.9
2025-01-16,STORE5,MED008,Vitamins,22.9
2025-01-17,STORE5,MED008,Vitamins,22.7
2025-01-18,STORE5,MED008,Vitamins,17.2
2025-01-19,STORE5,MED008,Vitamins,16.5
2025-01-20,STORE5,MED008,Vitamins,23.0
2025-01-21,STORE5,MED008,Vitamins,23.1
2025-01-22,STORE5,MED008,Vitamins,22.9
2025-01-23,STORE5,MED008,Vitamins,22.9
2025-01-24,STORE5,MED008,Vitamins,22.7
2025-01-25,STORE5,MED008,Vitamins,17.8
2025-01-26,STORE5,MED008,Vitamins,15.9
2025-01-27,STORE5,MED008,Vitamins,23.0
2025-01-28,STORE5,MED008,Vitamins,23.1
2025-01-29,STORE5,MED008,Vitamins,22.9
2025-01-30,STORE5,MED008,Vitamins,22.9
2025-01-01,STORE5,MED009,Vitamins,22.1
2025-01-02,STORE5,MED009,Vitamins,22.9
2025-01-03,STORE5,MED009,Vitamins,22.1
2025-01-04,STORE5,MED009,Vitamins,16.6
2025-01-05,STORE5,MED009,Vitamins,17.5
2025-01-06,STORE5,MED009,Vitamins,22.7
2025-01-07,STORE5,MED009,Vitamins,22.8
2025-01-08,STORE5,MED009,Vitamins,23.1
2025-01-09,STORE5,MED009,Vitamins,22.9
2025-01-10,STORE5,MED009,Vitamins,22.9
2025-01-11,STORE5,MED009,Vitamins,17.7
2025-01-12,STORE5,MED009,Vitamins,17.2
2025-01-13,STORE5,MED009,Vitamins,22.8
2025-01-14,STORE5,MED009,Vitamins,23.1
2025-01-15,STORE5,MED009,Vitamins,22.9
2025-01-16,STORE5,MED009,Vitamins,22.9
2025-01-17,STORE5,MED009,Vitamins,22.7
2025-01-18,STORE5,MED009,Vitamins,17.5
2025-01-19,STORE5,MED009,Vitamins,17.4
2025-01-20,STORE5,MED009,Vitamins,22.8
2025-01-21,STORE5,MED009,Vitamins,23.1
2025-01-22,STORE5,MED009,Vitamins,22.9
2025-01-23,STORE5,MED009,Vitamins,22.9
2025-01-24,STORE5,MED009,Vitamins,22.7
2025-01-25,STORE5,MED009,Vitamins,17.5
2025-01-26,STORE5,MED009,Vitamins,17.4
2025-01-27,STORE5,MED009,Vitamins,22.8
2025-01-28,STORE5,MED009,Vitamins,23.1
2025-01-29,STORE5,MED009,Vitamins,22.9
2025-01-30,STORE5,MED009,Vitamins,22.9
2025-01-01,STORE5,MED010,Cardiac,14.4
2025-01-02,STORE5,MED010,Cardiac,14.6
2025-01-03,STORE5,MED010,Cardiac,14.6
2025-01-04,STORE5,MED010,Cardiac,11.0
2025-01-05,STORE5,MED010,Cardiac,11.0
2025-01-06,STORE5,MED010,Cardiac,14.7
2025-01-07,STORE5,MED010,Cardiac,14.7
2025-01-08,STORE5,MED010,Cardiac,14.6
2025-01-09,STORE5,MED010,Cardiac,14.6
2025-01-10,STORE5,MED010,Cardiac,14.6
2025-01-11,STORE5,MED010,Cardiac,11.1
2025-01-12,STORE5,MED010,Cardiac,11.2
2025-01-13,STORE5,MED010,Cardiac,14.7
2025-01-14,STORE5,MED010,Cardiac,14.6
2025-01-15,STORE5,MED010,Cardiac,14.6
2025-01-16,STORE5,MED010,Cardiac,14.6
2025-01-17,STORE5,MED010,Cardiac,14.6
2025-01-18,STORE5,MED010,Cardiac,11.1
2025-01-19,STORE5,MED010,Cardiac,11.2
2025-01-20,STORE5,MED010,Cardiac,14.7
2025-01-21,STORE5,MED010,Cardiac,14.6
2025-01-22,STORE5,MED010,Cardiac,14.6
2025-01-23,STORE5,MED010,Cardiac,14.6
2025-01-24,STORE5,MED010,Cardiac,14.6
2025-01-25,STORE5,MED010,Cardiac,11.1
2025-01-26,STORE5,MED010,Cardiac,11.2
2025-01-27,STORE5,MED010,Cardiac,14.7
2025-01-28,STORE5,MED010,Cardiac,14.6
2025-01-29,STORE5,MED010,Cardiac,14.6
2025-01-30,STORE5,MED010,Cardiac,14.6
2025-01-01,STORE5,MED011,Diabetes,14.6
2025-01-02,STORE5,MED011,Diabetes,14.5
2025-01-03,STORE5,MED011,Diabetes,14.5
2025-01-04,STORE5,MED011,Diabetes,11.1
2025-01-05,STORE5,MED011,Diabetes,11.1
2025-01-06,STORE5,MED011,Diabetes,14.6
2025-01-07,STORE5,MED011,Diabetes,14.4
2025-01-08,STORE5,MED011,Diabetes,14.5
2025-01-09,STORE5,MED011,Diabetes,14.5
2025-01-10,STORE5,MED011,Diabetes,14.5
2025-01-11,STORE5,MED011,Diabetes,11.2
2025-01-12,STORE5,MED011,Diabetes,11.1
2025-01-13,STORE5,MED011,Diabetes,14.5
2025-01-14,STORE5,MED011,Diabetes,14.5
2025-01-15,STORE5,MED011,Diabetes,14.5
2025-01-16,STORE5,MED011,Diabetes,14.5
2025-01-17,STORE5,MED011,Diabetes,14.5
2025-01-18,STORE5,MED011,Diabetes,11.1
2025-01-19,STORE5,MED011,Diabetes,11.1
2025-01-20,STORE5,MED011,Diabetes,14.5
2025-01-21,STORE5,MED011,Diabetes,14.5
2025-01-22,STORE5,MED011,Diabetes,14.5
2025-01-23,STORE5,MED011,Diabetes,14.5
2025-01-24,STORE5,MED011,Diabetes,14.5
2025-01-25,STORE5,MED011,Diabetes,11.1
2025-01-26,STORE5,MED011,Diabetes,11.1
2025-01-27,STORE5,MED011,Diabetes,14.5
2025-01-28,STORE5,MED011,Diabetes,14.5
2025-01-29,STORE5,MED011,Diabetes,14.5
2025-01-30,STORE5,MED011,Diabetes,14.5
2025-01-01,STORE5,MED012,Vitamins,22.9
2025-01-02,STORE5,MED012,Vitamins,22.8
2025-01-03,STORE5,MED012,Vitamins,22.4
2025-01-04,STORE5,MED012,Vitamins,17.1
2025-01-05,STORE5,MED012,Vitamins,17.6
2025-01-06,STORE5,MED012,Vitamins,22.7
2025-01-07,STORE5,MED012,Vitamins,23.0
2025-01-08,STORE5,MED012,Vitamins,22.8
2025-01-09,STORE5,MED012,Vitamins,22.7
2025-01-10,STORE5,MED012,Vitamins,22.7
2025-01-11,STORE5,MED012,Vitamins,17.1
2025-01-12,STORE5,MED012,Vitamins,16.5
2025-01-13,STORE5,MED012,Vitamins,22.6
2025-01-14,STORE5,MED012,Vitamins,23.0
2025-01-15,STORE5,MED012,Vitamins,22.8
2025-01-16,STORE5,MED012,Vitamins,22.8
2025-01-17,STORE5,MED012,Vitamins,22.5
2025-01-18,STORE5,MED012,Vitamins,17.8
2025-01-19,STORE5,MED012,Vitamins,17.2
2025-01-20,STORE5,MED012,Vitamins,22.6
2025-01-21,STORE5,MED012,Vitamins,23.0
2025-01-22,STORE5,MED012,Vitamins,22.8
2025-01-23,STORE5,MED012,Vitamins,22.7
2025-01-24,STORE5,MED012,Vitamins,22.5
2025-01-25,STORE5,MED012,Vitamins,17.0
2025-01-26,STORE5,MED012,Vitamins,17.1
2025-01-27,STORE5,MED012,Vitamins,22.6
2025-01-28,STORE5,MED012,Vitamins,23.0
2025-01-29,STORE5,MED012,Vitamins,22.7
2025-01-30,STORE5,MED012,Vitamins,22.7
2025-01-01,STORE5,MED013,Antacids,14.3
2025-01-02,STORE5,MED013,Antacids,14.6
2025-01-03,STORE5,MED013,Antacids,14.7
2025-01-04,STORE5,MED013,Antacids,11.0
2025-01-05,STORE5,MED013,Antacids,11.2
2025-01-06,STORE5,MED013,Antacids,14.6
2025-01-07,STORE5,MED013,Antacids,14.9
2025-01-08,STORE5,MED013,Antacids,14.6
2025-01-09,STORE5,MED013,Antacids,14.6
2025-01-10,STORE5,MED013,Antacids,14.6
2025-01-11,STORE5,MED013,Antacids,11.2
2025-01-12,STORE5,MED013,Antacids,11.2
2025-01-13,STORE5,MED013,Antacids,14.7
2025-01-14,STORE5,MED013,Antacids,14.6
2025-01-15,STORE5,MED013,Antacids,14.6
2025-01-16,STORE5,MED013,Antacids,14.6
2025-01-17,STORE5,MED013,Antacids,14.6
2025-01-18,STORE5,MED013,Antacids,11.2
2025-01-19,STORE5,MED013,Antacids,11.2
2025-01-20,STORE5,MED013,Antacids,14.7
2025-01-21,STORE5,MED013,Antacids,14.6
2025-01-22,STORE5,MED013,Antacids,14.6
2025-01-23,STORE5,MED013,Antacids,14.6
2025-01-24,STORE5,MED013,Antacids,14.6
2025-01-25,STORE5,MED013,Antacids,11.2
2025-01-26,STORE5,MED013,Antacids,11.2
2025-01-27,STORE5,MED013,Antacids,14.7
2025-01-28,STORE5,MED013,Antacids,14.6
2025-01-29,STORE5,MED013,Antacids,14.6
2025-01-30,STORE5,MED013,Antacids,14.6
2025-01-01,STORE5,MED014,Cardiac,14.3
2025-01-02,STORE5,MED014,Cardiac,14.7
2025-01-03,STORE5,MED014,Cardiac,14.5
2025-01-04,STORE5,MED014,Cardiac,11.1
2025-01-05,STORE5,MED014,Cardiac,11.4
2025-01-06,STORE5,MED014,Cardiac,14.6
2025-01-07,STORE5,MED014,Cardiac,14.4
2025-01-08,STORE5,MED014,Cardiac,14.5
2025-01-09,STORE5,MED014,Cardiac,14.5
2025-01-10,STORE5,MED014,Cardiac,14.5
2025-01-11,STORE5,MED014,Cardiac,11.1
2025-01-12,STORE5,MED014,Cardiac,11.1
2025-01-13,STORE5,MED014,Cardiac,14.6
2025-01-14,STORE5,MED014,Cardiac,14.5
2025-01-15,STORE5,MED014,Cardiac,14.5
2025-01-16,STORE5,MED014,Cardiac,14.5
2025-01-17,STORE5,MED014,Cardiac,14.5
2025-01-18,STORE5,MED014,Cardiac,11.1
2025-01-19,STORE5,MED014,Cardiac,11.1
2025-01-20,STORE5,MED014,Cardiac,14.6
2025-01-21,STORE5,MED014,Cardiac,14.5
2025-01-22,STORE5,MED014,Cardiac,14.5
2025-01-23,STORE5,MED014,Cardiac,14.5
2025-01-24,STORE5,MED014,Cardiac,14.5
2025-01-25,STORE5,MED014,Cardiac,11.1
2025-01-26,STORE5,MED014,Cardiac,11.1
2025-01-27,STORE5,MED014,Cardiac,14.6
2025-01-28,STORE5,MED014,Cardiac,14.5
2025-01-29,STORE5,MED014,Cardiac,14.5
2025-01-30,STORE5,MED014,Cardiac,14.5
2025-01-01,STORE5,MED015,Painkillers,14.6
2025-01-02,STORE5,MED015,Painkillers,14.7
2025-01-03,STORE5,MED015,Painkillers,14.6
2025-01-04,STORE5,MED015,Painkillers,11.3
2025-01-05,STORE5,MED015,Painkillers,11.3
2025-01-06,STORE5,MED015,Painkillers,14.8
2025-01-07,STORE5,MED015,Painkillers,14.6
2025-01-08,STORE5,MED015,Painkillers,14.7
2025-01-09,STORE5,MED015,Painkillers,14.8
2025-01-10,STORE5,MED015,Painkillers,14.7
2025-01-11,STORE5,MED015,Painkillers,11.1
2025-01-12,STORE5,MED015,Painkillers,11.4
2025-01-13,STORE5,MED015,Painkillers,14.7
2025-01-14,STORE5,MED015,Painkillers,14.7
2025-01-15,STORE5,MED015,Painkillers,14.7
2025-01-16,STORE5,MED015,Painkillers,14.8
2025-01-17,STORE5,MED015,Painkillers,14.7
2025-01-18,STORE5,MED015,Painkillers,11.1
2025-01-19,STORE5,MED015,Painkillers,11.4
2025-01-20,STORE5,MED015,Painkillers,14.7
2025-01-21,STORE5,MED015,Painkillers,14.7
2025-01-22,STORE5,MED015,Painkillers,14.7
2025-01-23,STORE5,MED015,Painkillers,14.8
2025-01-24,STORE5,MED015,Painkillers,14.7
2025-01-25,STORE5,MED015,Painkillers,11.1
2025-01-26,STORE5,MED015,Painkillers,11.4
2025-01-27,STORE5,MED015,Painkillers,14.7
2025-01-28,STORE5,MED015,Painkillers,14.7
2025-01-29,STORE5,MED015,Painkillers,14.7
2025-01-30,STORE5,MED015,Painkillers,14.8
2025-01-01,STORE5,MED016,Diabetes,14.5
2025-01-02,STORE5,MED016,Diabetes,14.5
2025-01-03,STORE5,MED016,Diabetes,14.5
2025-01-04,STORE5,MED016,Diabetes,11.3
2025-01-05,STORE5,MED016,Diabetes,11.1
2025-01-06,STORE5,MED016,Diabetes,14.5
2025-01-07,STORE5,MED016,Diabetes,14.6
2025-01-08,STORE5,MED016,Diabetes,14.5
2025-01-09,STORE5,MED016,Diabetes,14.5
2025-01-10,STORE5,MED016,Diabetes,14.5
2025-01-11,STORE5,MED016,Diabetes,11.2
2025-01-12,STORE5,MED016,Diabetes,11.1
2025-01-13,STORE5,MED016,Diabetes,14.5
2025-01-14,STORE5,MED016,Diabetes,14.5
2025-01-15,STORE5,MED016,Diabetes,14.5
2025-01-16,STORE5,MED016,Diabetes,14.5
2025-01-17,STORE5,MED016,Diabetes,14.5
2025-01-18,STORE5,MED016,Diabetes,11.2
2025-01-19,STORE5,MED016,Diabetes,11.1
2025-01-20,STORE5,MED016,Diabetes,14.5
2025-01-21,STORE5,MED016,Diabetes,14.5
2025-01-22,STORE5,MED016,Diabetes,14.5
2025-01-23,STORE5,MED016,Diabetes,14.5
2025-01-24,STORE5,MED016,Diabetes,14.5
2025-01-25,STORE5,MED016,Diabetes,11.2
2025-01-26,STORE5,MED016,Diabetes,11.1
2025-01-27,STORE5,MED016,Diabetes,14.5
2025-01-28,STORE5,MED016,Diabetes,14.5
2025-01-29,STORE5,MED016,Diabetes,14.5
2025-01-30,STORE5,MED016,Diabetes,14.5
2025-01-01,STORE5,MED017,Antacids,14.4
2025-01-02,STORE5,MED017,Antacids,14.7
2025-01-03,STORE5,MED017,Antacids,14.7
2025-01-04,STORE5,MED017,Antacids,10.9
2025-01-05,STORE5,MED017,Antacids,11.1
2025-01-06,STORE5,MED017,Antacids,14.7
2025-01-07,STORE5,MED017,Antacids,14.6
2025-01-08,STORE5,MED017,Antacids,14.7
2025-01-09,STORE5,MED017,Antacids,14.7
2025-01-10,STORE5,MED017,Antacids,14.6
2025-01-11,STORE5,MED017,Antacids,11.1
2025-01-12,STORE5,MED017,Antacids,11.1
2025-01-13,STORE5,MED017,Antacids,14.7
2025-01-14,STORE5,MED017,Antacids,14.7
2025-01-15,STORE5,MED017,Antacids,14.6
2025-01-16,STORE5,MED017,Antacids,14.7
2025-01-17,STORE5,MED017,Antacids,14.6
2025-01-18,STORE5,MED017,Antacids,11.1
2025-01-19,STORE5,MED017,Antacids,11.1
2025-01-20,STORE5,MED017,Antacids,14.7
2025-01-21,STORE5,MED017,Antacids,14.7
2025-01-22,STORE5,MED017,Antacids,14.6
2025-01-23,STORE5,MED017,Antacids,14.7
2025-01-24,STORE5,MED017,Antacids,14.6
2025-01-25,STORE5,MED017,Antacids,11.1
2025-01-26,STORE5,MED017,Antacids,11.1
2025-01-27,STORE5,MED017,Antacids,14.7
2025-01-28,STORE5,MED017,Antacids,14.7
2025-01-29,STORE5,MED017,Antacids,14.6
2025-01-30,STORE5,MED017,Antacids,14.7
2025-01-01,STORE5,MED018,Antacids,14.4
2025-01-02,STORE5,MED018,Antacids,14.7
2025-01-03,STORE5,MED018,Antacids,14.5
2025-01-04,STORE5,MED018,Antacids,10.9
2025-01-05,STORE5,MED018,Antacids,11.1
2025-01-06,STORE5,MED018,Antacids,14.6
2025-01-07,STORE5,MED018,Antacids,14.6
2025-01-08,STORE5,MED018,Antacids,14.7
2025-01-09,STORE5,MED018,Antacids,14.7
2025-01-10,STORE5,MED018,Antacids,14.7
2025-01-11,STORE5,MED018,Antacids,11.1
2025-01-12,STORE5,MED018,Antacids,11.2
2025-01-13,STORE5,MED018,Antacids,14.7
2025-01-14,STORE5,MED018,Antacids,14.7
2025-01-15,STORE5,MED018,Antacids,14.7
2025-01-16,STORE5,MED018,Antacids,14.7
2025-01-17,STORE5,MED018,Antacids,14.7
2025-01-18,STORE5,MED018,Antacids,11.1
2025-01-19,STORE5,MED018,Antacids,11.2
2025-01-20,STORE5,MED018,Antacids,14.7
2025-01-21,STORE5,MED018,Antacids,14.7
2025-01-22,STORE5,MED018,Antacids,14.7
2025-01-23,STORE5,MED018,Antacids,14.7
2025-01-24,STORE5,MED018,Antacids,14.7
2025-01-25,STORE5,MED018,Antacids,11.1
2025-01-26,STORE5,MED018,Antacids,11.2
2025-01-27,STORE5,MED018,Antacids,14.7
2025-01-28,STORE5,MED018,Antacids,14.7
2025-01-29,STORE5,MED018,Antacids,14.7
2025-01-30,STORE5,MED018,Antacids,14.7
2025-01-01,STORE5,MED019,Painkillers,14.5
2025-01-02,STORE5,MED019,Painkillers,14.7
2025-01-03,STORE5,MED019,Painkillers,14.6
2025-01-04,STORE5,MED019,Painkillers,11.4
2025-01-05,STORE5,MED019,Painkillers,11.7
2025-01-06,STORE5,MED019,Painkillers,14.5
2025-01-07,STORE5,MED019,Painkillers,14.5
2025-01-08,STORE5,MED019,Painkillers,14.5
2025-01-09,STORE5,MED019,Painkillers,14.5
2025-01-10,STORE5,MED019,Painkillers,14.6
2025-01-11,STORE5,MED019,Painkillers,11.3
2025-01-12,STORE5,MED019,Painkillers,11.1
2025-01-13,STORE5,MED019,Painkillers,14.6
2025-01-14,STORE5,MED019,Painkillers,14.6
2025-01-15,STORE5,MED019,Painkillers,14.6
2025-01-16,STORE5,MED019,Painkillers,14.5
2025-01-17,STORE5,MED019,Painkillers,14.6
2025-01-18,STORE5,MED019,Painkillers,11.2
2025-01-19,STORE5,MED019,Painkillers,11.0
2025-01-20,STORE5,MED019,Painkillers,14.6
2025-01-21,STORE5,MED019,Painkillers,14.6
2025-01-22,STORE5,MED019,Painkillers,14.6
2025-01-23,STORE5,MED019,Painkillers,14.5
2025-01-24,STORE5,MED019,Painkillers,14.6
2025-01-25,STORE5,MED019,Painkillers,11.2
2025-01-26,STORE5,MED019,Painkillers,11.0
2025-01-27,STORE5,MED019,Painkillers,14.6
2025-01-28,STORE5,MED019,Painkillers,14.6
2025-01-29,STORE5,MED019,Painkillers,14.6
2025-01-30,STORE5,MED019,Painkillers,14.5
2025-01-01,STORE5,MED020,Diabetes,14.6
2025-01-02,STORE5,MED020,Diabetes,14.6
2025-01-03,STORE5,MED020,Diabetes,14.5
2025-01-04,STORE5,MED020,Diabetes,11.2
2025-01-05,STORE5,MED020,Diabetes,11.1
2025-01-06,STORE5,MED020,Diabetes,14.5
2025-01-07,STORE5,MED020,Diabetes,14.6
2025-01-08,STORE5,MED020,Diabetes,14.6
2025-01-09,STORE5,MED020,Diabetes,14.6
2025-01-10,STORE5,MED020,Diabetes,14.6
2025-01-11,STORE5,MED020,Diabetes,11.2
2025-01-12,STORE5,MED020,Diabetes,11.1
2025-01-13,STORE5,MED020,Diabetes,14.6
2025-01-14,STORE5,MED020,Diabetes,14.6
2025-01-15,STORE5,MED020,Diabetes,14.6
2025-01-16,STORE5,MED020,Diabetes,14.6
2025-01-17,STORE5,MED020,Diabetes,14.6
2025-01-18,STORE5,MED020,Diabetes,11.2
2025-01-19,STORE5,MED020,Diabetes,11.1
2025-01-20,STORE5,MED020,Diabetes,14.6
2025-01-21,STORE5,MED020,Diabetes,14.6
2025-01-22,STORE5,MED020,Diabetes,14.6
2025-01-23,STORE5,MED020,Diabetes,14.6
2025-01-24,STORE5,MED020,Diabetes,14.6
2025-01-25,STORE5,MED020,Diabetes,11.2
2025-01-26,STORE5,MED020,Diabetes,11.1
2025-01-27,STORE5,MED020,Diabetes,14.6
2025-01-28,STORE5,MED020,Diabetes,14.6
2025-01-29,STORE5,MED020,Diabetes,14.6
2025-01-30,STORE5,MED020,Diabetes,14.6
